{"stats":{"minecraft:dropped":{"exdeorum:basalt_pebble":176,"xycraft_world:xychorium_gem_green":34,"xycraft_world:xychorium_gem_dark":29,"minecraft:lapis_lazuli":1,"exdeorum:deepslate_pebble":193,"minecraft:diamond":1,"exdeorum:copper_ore_chunk":2,"minecraft:cobblestone":213,"exdeorum:iron_ore_chunk":1,"minecraft:coal":10,"minecraft:polished_andesite":14,"minecraft:stick":4,"minecraft:flint":115,"exdeorum:gold_ore_chunk":1,"exdeorum:compressed_stone_hammer":3,"minecraft:wooden_sword":1,"minecraft:amethyst_shard":2,"exdeorum:granite_pebble":147,"exdeorum:crook":1,"minecraft:bucket":1,"exdeorum:stone_pebble":112,"exdeorum:lead_ore_chunk":4,"enderio:grains_of_infinity":15,"minecraft:redstone":2,"xycraft_world:xychorium_gem_light":39,"minecraft:gravel":4,"minecraft:furnace":1,"minecraft:blackstone":5,"minecraft:cobbled_deepslate":1,"exdeorum:string_mesh":2,"minecraft:raw_iron":2,"xycraft_world:xychorium_gem_blue":27,"minecraft:composter":1,"minecraft:pointed_dripstone":7,"minecraft:glowstone_dust":1,"exdeorum:silver_ore_chunk":1,"minecraft:blaze_powder":1,"minecraft:carrot":4,"ae2:sky_dust":5,"xycraft_world:xychorium_gem_red":25,"minecraft:potato":2,"exdeorum:nickel_ore_chunk":1,"minecraft:stone":3,"minecraft:gunpowder":1,"exdeorum:tin_ore_chunk":3,"minecraft:charcoal":2,"minecraft:andesite":4,"exdeorum:aluminum_ore_chunk":3,"minecraft:bamboo":2,"ae2:certus_quartz_dust":4,"forbidden_arcanus:arcane_crystal":4,"exdeorum:andesite_pebble":91,"exdeorum:diorite_pebble":164,"exdeorum:blackstone_pebble":158,"minecraft:stone_pickaxe":1,"exdeorum:stone_hammer":9},"minecraft:broken":{"exdeorum:crook":4},"minecraft:crafted":{"minecraft:oak_planks":70,"mekanism:basic_universal_cable":1,"functionalstorage:simple_compacting_drawer":1,"minecraft:barrel":4,"rftoolsbase:machine_frame":1,"alltheores:constantan_ingot":0,"minecraft:cobbled_deepslate":2,"alltheores:copper_dust":23,"minecraft:sand":1,"alltheores:invar_dust":4,"minecraft:furnace":4,"alltheores:gold_dust":23,"ironfurnaces:iron_furnace":1,"minecraft:piston":2,"exdeorum:diamond_mesh":8,"minecraft:stone":9,"projecte:high_covalence_dust":1,"exdeorum:unfired_porcelain_crucible":1,"minecraft:bone_meal":1,"alltheores:osmium_ore":16,"allthecompressed:gravel_1x":76,"minecraft:granite":5,"alltheores:copper_ore_hammer":3,"minecraft:basalt":5,"minecraft:glass":15,"alltheores:osmium_dust":16,"alltheores:nickel_ore":11,"exdeorum:string_mesh":11,"silentgear:rough_rod":7,"minecraft:stone_pickaxe":1,"allthecompressed:sand_1x":68,"minecraft:chest":8,"minecraft:copper_block":6,"alltheores:constantan_dust":2,"mekanism:basic_fluid_tank":1,"alltheores:steel_ingot":0,"minecraft:ender_eye":3,"alltheores:steel_dust":19,"mekanism:energy_tablet":2,"exdeorum:stone_hammer":48,"exdeorum:iron_mesh":9,"exdeorum:porcelain_crucible":1,"functionalstorage:oak_1":4,"dankstorage:dank_1":4,"alltheores:nickel_dust":3,"cobblefordays:tier_2":1,"constructionwand:diamond_wand":1,"pickletweaks:emerald_pickaxe":1,"exdeorum:golden_mesh":9,"rftoolspower:coalgenerator":1,"minecraft:oak_slab":4,"minecraft:emerald":1,"alltheores:osmium_ingot":0,"exdeorum:oak_barrel":2,"mekanism:metallurgic_infuser":1,"minecraft:crafting_table":1,"alltheores:nickel_ingot":0,"minecraft:gold_ore":23,"minecraft:gravel":1,"alltheores:invar_ingot":0,"mekanism:superheating_element":2,"minecraft:copper_ingot":18,"exdeorum:compressed_stone_hammer":4,"minecraft:copper_ore":24,"minecraft:bucket":2,"minecraft:campfire":1,"projecte:low_covalence_dust":1,"minecraft:diorite":5,"minecraft:air":1649,"cobblefordays:tier_1":1,"exdeorum:crook":8,"minecraft:blue_dye":7,"exdeorum:porcelain_clay_ball":12,"thermal:redstone_servo":1,"mekanism:basic_energy_cube":1,"mekanism:steel_casing":5,"minecraft:white_wool":7,"minecraft:charcoal":1,"minecraft:cobblestone":258,"minecraft:gold_nugget":9,"mekanism:enrichment_chamber":1,"exdeorum:flint_mesh":9,"minecraft:stick":47,"mekanism:crusher":1,"minecraft:flint":4,"minecraft:iron_ingot":33,"minecraft:blackstone":5,"projecte:medium_covalence_dust":1,"minecraft:white_bed":1,"minecraft:gold_ingot":0,"minecraft:iron_ore":72,"exdeorum:oak_sieve":9,"alltheores:iron_dust":71,"minecraft:andesite":26,"minecraft:redstone_torch":2,"thermal:device_rock_gen":1,"minecraft:composter":1,"alltheores:constantan_gear":1,"minecraft:polished_andesite":5},"minecraft:used":{"mekanism:enrichment_chamber":1,"mekanism:basic_fluid_tank":1,"rftoolspower:coalgenerator":1,"minecraft:chest":4,"exdeorum:crook":727,"allthecompressed:cobblestone_1x":326,"thermal:device_rock_gen":2,"minecraft:netherrack":1,"pickletweaks:emerald_pickaxe":158,"minecraft:torch":6,"minecraft:dirt":72,"cobblefordays:tier_2":2,"alltheores:osmium_ore":16,"exdeorum:silk_worm":7,"minecraft:granite":5,"mekanism:basic_energy_cube":2,"functionalstorage:simple_compacting_drawer":2,"minecraft:wooden_axe":80,"minecraft:lava_bucket":15,"minecraft:copper_ore":6,"minecraft:barrel":1,"exdeorum:porcelain_crucible":2,"minecraft:basalt":8,"ironfurnaces:iron_furnace":1,"exdeorum:stone_hammer":811,"constructionwand:diamond_wand":28,"minecraft:furnace":2,"minecraft:oak_sapling":14,"tombstone:gift":2,"minecraft:cooked_beef":6,"minecraft:cobbled_deepslate":2,"exdeorum:oak_sieve":20,"minecraft:water_bucket":29,"minecraft:diorite":6,"minecraft:iron_ore":52,"minecraft:polished_andesite":21,"minecraft:stone_pickaxe":76,"minecraft:oak_planks":1,"minecraft:blackstone":6,"minecraft:clay":4,"minecraft:gold_ore":23,"minecraft:sand":108,"alltheores:nickel_ore":11,"minecraft:oak_slab":1,"minecraft:crafting_table":1,"minecraft:white_bed":1,"minecraft:campfire":1,"mekanism:superheating_element":4,"exdeorum:dust":765,"exdeorum:oak_barrel":5,"mekanism:crusher":3,"mekanism:metallurgic_infuser":3,"allthecompressed:gravel_1x":77,"allthecompressed:sand_1x":69,"minecraft:gravel":2704,"minecraft:wooden_sword":8,"minecraft:cobblestone":566,"minecraft:bucket":44,"minecraft:andesite":7,"exdeorum:compressed_stone_hammer":472,"exdeorum:mycelium_spores":1},"minecraft:mined":{"alltheores:osmium_ore":16,"minecraft:granite":5,"thermal:device_rock_gen":1,"minecraft:grass_block":29,"allthecompressed:sand_1x":69,"minecraft:furnace":1,"minecraft:iron_ore":52,"minecraft:cobbled_deepslate":2,"minecraft:fire":6,"minecraft:andesite":7,"functionalstorage:simple_compacting_drawer":1,"mekanism:superheating_element":3,"exdeorum:oak_sieve":11,"alltheores:nickel_ore":11,"exdeorum:porcelain_crucible":1,"minecraft:oak_slab":1,"mekanism:crusher":2,"minecraft:blackstone":6,"exdeorum:infested_leaves":298,"mekanism:basic_energy_cube":1,"minecraft:basalt":8,"minecraft:clay":4,"minecraft:torch":4,"allthecompressed:gravel_1x":77,"minecraft:campfire":1,"minecraft:copper_ore":6,"minecraft:cobblestone":643,"minecraft:oak_planks":1,"mekanism:metallurgic_infuser":2,"minecraft:diorite":6,"cobblefordays:tier_2":1,"exdeorum:dust":2,"minecraft:oak_log":68,"exdeorum:oak_barrel":3,"minecraft:sand":108,"minecraft:gravel":120,"minecraft:dirt":33,"allthecompressed:cobblestone_1x":326,"minecraft:polished_andesite":21,"minecraft:gold_ore":23,"minecraft:oak_leaves":429},"minecraft:custom":{"minecraft:interact_with_crafting_table":135,"minecraft:open_barrel":18,"minecraft:leave_game":8,"minecraft:time_since_death":94686,"minecraft:sprint_one_cm":42778,"minecraft:walk_one_cm":299056,"minecraft:drop":179,"minecraft:talked_to_villager":2,"minecraft:play_time":318277,"minecraft:deaths":1,"minecraft:sneak_time":23012,"minecraft:walk_under_water_one_cm":6070,"minecraft:jump":775,"minecraft:walk_on_water_one_cm":9879,"minecraft:total_world_time":318277,"minecraft:interact_with_furnace":139,"minecraft:traded_with_villager":3,"minecraft:sleep_in_bed":2,"minecraft:time_since_rest":65419,"minecraft:damage_taken":810,"minecraft:use_wand":304,"minecraft:damage_dealt":135,"minecraft:swim_one_cm":420,"minecraft:fly_one_cm":12166,"minecraft:open_chest":192,"minecraft:crouch_one_cm":83352,"minecraft:fall_one_cm":128938},"minecraft:picked_up":{"exdeorum:gold_ore_chunk":143,"minecraft:charcoal":2,"exdeorum:mycelium_spores":1,"exdeorum:dust":730,"minecraft:clay_ball":16,"exdeorum:iron_ore_chunk":351,"exdeorum:oak_barrel":3,"exdeorum:blackstone_pebble":178,"minecraft:string":128,"exdeorum:string_mesh":10,"minecraft:raw_copper":21,"exdeorum:granite_pebble":167,"minecraft:wooden_sword":1,"exdeorum:golden_mesh":16,"minecraft:blackstone":6,"minecraft:cobbled_deepslate":1,"exdeorum:iron_mesh":10,"minecraft:bucket":1,"exdeorum:zinc_ore_chunk":117,"minecraft:iron_nugget":11,"xycraft_world:xychorium_gem_green":34,"minecraft:furnace":1,"minecraft:stick":20,"minecraft:raw_iron":52,"exdeorum:porcelain_crucible":1,"minecraft:torch":7,"minecraft:pointed_dripstone":114,"minecraft:diorite":6,"minecraft:carrot":4,"mekanism:basic_energy_cube":1,"minecraft:redstone":81,"mekanism:crusher":2,"exdeorum:silk_worm":11,"xycraft_world:xychorium_gem_blue":30,"ae2:certus_quartz_dust":68,"exdeorum:diorite_pebble":184,"exdeorum:tin_ore_chunk":213,"alltheores:iron_dust":3,"exdeorum:andesite_pebble":195,"alltheores:raw_osmium":16,"minecraft:blaze_powder":38,"minecraft:cobblestone":148,"exdeorum:osmium_ore_chunk":108,"exdeorum:basalt_pebble":196,"minecraft:basalt":3,"minecraft:andesite":5,"enderio:grains_of_infinity":81,"minecraft:potato":2,"forcecraft:force_gem":67,"minecraft:flint":475,"minecraft:oak_log":82,"minecraft:gunpowder":105,"minecraft:lapis_lazuli":197,"exdeorum:nickel_ore_chunk":175,"minecraft:dirt":59,"mekanism:salt":85,"ae2:sky_dust":68,"minecraft:apple":5,"minecraft:raw_gold":41,"exdeorum:oak_sieve":11,"exdeorum:stone_pebble":1146,"minecraft:iron_ingot":1,"minecraft:bamboo":2,"minecraft:glowstone_dust":90,"minecraft:oak_planks":1,"functionalstorage:simple_compacting_drawer":1,"minecraft:oak_slab":1,"mekanism:metallurgic_infuser":2,"exdeorum:deepslate_pebble":205,"exdeorum:lead_ore_chunk":147,"xycraft_world:xychorium_gem_red":25,"minecraft:gravel":3386,"exdeorum:flint_mesh":14,"minecraft:sand":812,"minecraft:amethyst_shard":103,"thermal:device_rock_gen":1,"alltheores:raw_nickel":11,"exdeorum:silver_ore_chunk":180,"xycraft_world:xychorium_gem_dark":30,"exdeorum:diamond_mesh":2,"forbidden_arcanus:arcane_crystal":25,"minecraft:polished_andesite":15,"xycraft_world:xychorium_gem_light":39,"minecraft:clay":2,"exdeorum:aluminum_ore_chunk":150,"minecraft:diamond":33,"cobblefordays:tier_2":1,"minecraft:bone_meal":76,"exdeorum:copper_ore_chunk":256,"minecraft:emerald":30,"mekanism:superheating_element":2,"minecraft:oak_sapling":56,"minecraft:coal":448}},"DataVersion":3465}