{"stats":{"minecraft:dropped":{"exdeorum:basalt_pebble":195,"minecraft:brown_mushroom":1,"xycraft_world:xychorium_gem_dark":41,"minecraft:lapis_lazuli":1,"minecraft:diamond":1,"exdeorum:copper_ore_chunk":3,"minecraft:red_mushroom":1,"minecraft:flint":186,"exdeorum:gold_ore_chunk":3,"exdeorum:compressed_stone_hammer":5,"exdeorum:crook":1,"minecraft:wooden_sword":2,"exdeorum:granite_pebble":180,"minecraft:amethyst_shard":2,"minecraft:sand":18,"exdeorum:lead_ore_chunk":4,"enderio:grains_of_infinity":15,"xycraft_world:xychorium_gem_light":47,"minecraft:gravel":13,"minecraft:blackstone":5,"exdeorum:string_mesh":2,"minecraft:cobbled_deepslate":1,"minecraft:pointed_dripstone":7,"xycraft_world:xychorium_gem_blue":41,"minecraft:oak_planks":3,"minecraft:glowstone_dust":1,"minecraft:blaze_powder":1,"exdeorum:silver_ore_chunk":1,"minecraft:carrot":4,"ae2:sky_dust":5,"minecraft:gunpowder":1,"minecraft:charcoal":2,"forbidden_arcanus:arcane_crystal":6,"minecraft:ghast_tear":1,"minecraft:netherrack":6,"minecraft:oak_slab":5,"xycraft_world:xychorium_gem_green":43,"exdeorum:deepslate_pebble":219,"allthecompressed:cobblestone_1x":19,"minecraft:cobblestone":475,"mysticalagriculture:soulium_dust":1,"exdeorum:iron_ore_chunk":7,"minecraft:coal":74,"minecraft:stick":4,"minecraft:polished_andesite":14,"mysticalagriculture:prosperity_shard":3,"exdeorum:stone_pebble":230,"minecraft:bucket":1,"minecraft:redstone":2,"minecraft:furnace":1,"minecraft:raw_copper":4,"minecraft:raw_iron":4,"minecraft:composter":1,"minecraft:copper_ore":3,"xycraft_world:xychorium_gem_red":29,"minecraft:potato":2,"exdeorum:nickel_ore_chunk":10,"minecraft:stone":3,"exdeorum:tin_ore_chunk":4,"exdeorum:aluminum_ore_chunk":7,"minecraft:andesite":4,"ae2:certus_quartz_dust":16,"exdeorum:diorite_pebble":181,"minecraft:bamboo":2,"minecraft:stone_pickaxe":1,"exdeorum:blackstone_pebble":181,"exdeorum:andesite_pebble":91,"exdeorum:stone_hammer":9},"minecraft:broken":{"exdeorum:crook":4},"minecraft:crafted":{"ironfurnaces:item_heater":1,"minecraft:oak_planks":78,"minecraft:barrel":4,"alltheores:constantan_ingot":0,"alltheores:copper_dust":23,"minecraft:sand":1,"alltheores:silver_ore":10,"ironfurnaces:iron_furnace":1,"minecraft:stone":9,"projecte:high_covalence_dust":1,"exdeorum:unfired_porcelain_crucible":1,"ironfurnaces:diamond_furnace":2,"minecraft:iron_bars":16,"alltheores:osmium_ore":16,"minecraft:granite":5,"minecraft:hopper":1,"minecraft:glass":15,"alltheores:osmium_dust":16,"alltheores:nickel_ore":11,"silentgear:rough_rod":7,"minecraft:comparator":2,"allthecompressed:sand_1x":82,"minecraft:chest":11,"minecraft:copper_block":6,"mekanism:basic_fluid_tank":1,"minecraft:ender_eye":3,"alltheores:steel_dust":19,"exdeorum:stone_hammer":66,"exdeorum:porcelain_crucible":1,"mekanism:energy_tablet":2,"minecraft:raw_iron_block":8,"cobblefordays:tier_2":1,"rftoolspower:coalgenerator":1,"minecraft:oak_slab":6,"ironfurnaces:heater":1,"minecraft:emerald":1,"exdeorum:oak_barrel":3,"minecraft:diamond_axe":1,"minecraft:crafting_table":1,"minecraft:gold_ore":57,"minecraft:gravel":1,"minecraft:copper_ingot":18,"minecraft:gold_block":1,"minecraft:campfire":1,"minecraft:diorite":5,"cobblefordays:tier_1":1,"alltheores:lead_ore":8,"thermal:redstone_servo":1,"minecraft:charcoal":1,"mekanism:steel_casing":5,"exdeorum:flint_mesh":9,"minecraft:stick":54,"mekanism:crusher":1,"minecraft:iron_ingot":33,"projecte:medium_covalence_dust":1,"minecraft:iron_block":4,"minecraft:iron_ore":146,"minecraft:gold_ingot":0,"exdeorum:oak_sieve":10,"minecraft:redstone_torch":8,"minecraft:composter":1,"alltheores:constantan_gear":1,"minecraft:polished_andesite":5,"minecraft:redstone":1,"mekanism:basic_universal_cable":1,"functionalstorage:simple_compacting_drawer":1,"ironfurnaces:gold_furnace":2,"rftoolsbase:machine_frame":1,"minecraft:cobbled_deepslate":2,"minecraft:furnace":5,"alltheores:invar_dust":4,"alltheores:gold_dust":57,"minecraft:piston":2,"exdeorum:diamond_mesh":9,"minecraft:bone_meal":1,"minecraft:raw_copper_block":24,"minecraft:glass_pane":1,"minecraft:diamond_block":2,"allthecompressed:gravel_1x":91,"alltheores:copper_ore_hammer":3,"ironfurnaces:emerald_furnace":2,"minecraft:basalt":5,"minecraft:diamond":2,"alltheores:tin_ore":10,"exdeorum:string_mesh":11,"minecraft:stone_pickaxe":1,"alltheores:constantan_dust":2,"minecraft:redstone_block":1,"alltheores:steel_ingot":0,"exdeorum:iron_mesh":9,"functionalstorage:oak_1":4,"dankstorage:dank_1":4,"alltheores:nickel_dust":3,"exdeorum:golden_mesh":9,"pickletweaks:emerald_pickaxe":1,"constructionwand:diamond_wand":1,"alltheores:osmium_ingot":0,"exdeorum:diamond_hammer":1,"mekanism:metallurgic_infuser":1,"alltheores:nickel_ingot":0,"alltheores:invar_ingot":0,"mekanism:superheating_element":2,"exdeorum:compressed_stone_hammer":6,"minecraft:copper_ore":91,"minecraft:bucket":2,"projecte:low_covalence_dust":1,"minecraft:air":2145,"exdeorum:crook":8,"minecraft:blue_dye":7,"exdeorum:porcelain_clay_ball":12,"minecraft:white_wool":7,"minecraft:cobblestone":258,"mekanism:basic_energy_cube":1,"minecraft:gold_nugget":9,"mekanism:enrichment_chamber":1,"minecraft:flint":4,"minecraft:blackstone":5,"alltheores:iron_dust":71,"minecraft:white_bed":1,"exmachinis:flux_hammer":1,"minecraft:andesite":32,"thermal:device_rock_gen":1},"minecraft:used":{"rftoolspower:coalgenerator":1,"mekanism:basic_fluid_tank":1,"minecraft:chest":4,"allthecompressed:cobblestone_1x":516,"pickletweaks:emerald_pickaxe":356,"minecraft:soul_sand":6,"mekanism:basic_energy_cube":2,"minecraft:lava_bucket":16,"minecraft:copper_ore":70,"ironfurnaces:iron_furnace":1,"minecraft:oak_sapling":16,"minecraft:furnace":2,"minecraft:diorite":6,"minecraft:stone_pickaxe":76,"minecraft:oak_planks":1,"minecraft:blackstone":6,"minecraft:diamond_axe":29,"minecraft:clay":4,"minecraft:sand":108,"alltheores:nickel_ore":11,"mekanism:superheating_element":4,"exdeorum:oak_barrel":6,"mekanism:crusher":3,"mekanism:metallurgic_infuser":3,"ironfurnaces:heater":1,"minecraft:gravel":4254,"minecraft:wooden_sword":8,"minecraft:andesite":7,"exdeorum:compressed_stone_hammer":689,"exdeorum:mycelium_spores":1,"ironfurnaces:gold_furnace":2,"mekanism:enrichment_chamber":1,"exdeorum:crook":727,"thermal:device_rock_gen":2,"minecraft:netherrack":1,"minecraft:stick":2,"minecraft:torch":6,"minecraft:dirt":79,"exdeorum:witch_water_bucket":1,"cobblefordays:tier_2":2,"alltheores:silver_ore":10,"alltheores:osmium_ore":16,"exdeorum:silk_worm":7,"minecraft:granite":5,"functionalstorage:simple_compacting_drawer":2,"minecraft:wooden_axe":80,"minecraft:barrel":1,"exdeorum:porcelain_crucible":2,"alltheores:tin_ore":10,"minecraft:basalt":8,"exdeorum:stone_hammer":811,"constructionwand:diamond_wand":57,"tombstone:gift":2,"minecraft:cooked_beef":8,"minecraft:cobbled_deepslate":2,"exdeorum:oak_sieve":20,"minecraft:water_bucket":30,"minecraft:iron_ore":126,"minecraft:polished_andesite":21,"minecraft:gold_ore":57,"minecraft:crafting_table":1,"minecraft:oak_slab":1,"minecraft:campfire":1,"minecraft:white_bed":1,"exdeorum:dust":891,"allthecompressed:sand_1x":83,"allthecompressed:gravel_1x":92,"minecraft:cobblestone":566,"ironfurnaces:emerald_furnace":2,"minecraft:bucket":52},"minecraft:mined":{"minecraft:granite":5,"minecraft:grass_block":29,"thermal:device_rock_gen":1,"allthecompressed:sand_1x":83,"ironfurnaces:gold_furnace":2,"minecraft:iron_ore":126,"minecraft:fire":6,"minecraft:cobbled_deepslate":2,"supplementaries:stick":2,"exdeorum:oak_sieve":11,"alltheores:nickel_ore":11,"minecraft:brown_mushroom":1,"minecraft:blackstone":6,"ironfurnaces:iron_furnace":2,"minecraft:clay":4,"minecraft:torch":4,"minecraft:cobblestone":643,"minecraft:oak_planks":1,"cobblefordays:tier_2":1,"exdeorum:dust":2,"alltheores:tin_ore":10,"minecraft:oak_log":68,"exdeorum:oak_barrel":3,"minecraft:sand":108,"minecraft:dirt":33,"allthecompressed:cobblestone_1x":516,"minecraft:oak_leaves":429,"alltheores:osmium_ore":16,"minecraft:red_mushroom":1,"minecraft:furnace":1,"minecraft:andesite":7,"functionalstorage:simple_compacting_drawer":1,"mekanism:superheating_element":3,"alltheores:silver_ore":10,"exdeorum:porcelain_crucible":1,"minecraft:oak_slab":1,"mekanism:crusher":2,"exdeorum:infested_leaves":298,"minecraft:basalt":8,"mekanism:basic_energy_cube":1,"allthecompressed:gravel_1x":92,"minecraft:campfire":1,"minecraft:copper_ore":70,"mekanism:metallurgic_infuser":2,"minecraft:diorite":6,"minecraft:gravel":122,"minecraft:polished_andesite":21,"minecraft:gold_ore":57},"minecraft:custom":{"minecraft:interact_with_crafting_table":166,"minecraft:open_barrel":42,"minecraft:leave_game":8,"minecraft:time_since_death":154686,"minecraft:sprint_one_cm":74773,"minecraft:drop":241,"minecraft:talked_to_villager":2,"minecraft:play_time":378277,"minecraft:deaths":1,"minecraft:jump":1007,"minecraft:walk_on_water_one_cm":9879,"minecraft:interact_with_furnace":185,"minecraft:traded_with_villager":3,"minecraft:sleep_in_bed":3,"minecraft:damage_dealt":135,"minecraft:crouch_one_cm":84804,"minecraft:walk_one_cm":374363,"minecraft:sneak_time":24795,"minecraft:walk_under_water_one_cm":6070,"minecraft:total_world_time":378277,"minecraft:time_since_rest":23026,"minecraft:damage_taken":810,"minecraft:use_wand":551,"minecraft:swim_one_cm":420,"minecraft:fly_one_cm":40950,"minecraft:open_chest":242,"minecraft:fall_one_cm":135862},"minecraft:picked_up":{"exdeorum:mycelium_spores":1,"exdeorum:dust":856,"exdeorum:iron_ore_chunk":591,"minecraft:string":128,"minecraft:raw_copper":241,"minecraft:cobbled_deepslate":1,"minecraft:bucket":1,"xycraft_world:xychorium_gem_green":43,"minecraft:furnace":1,"minecraft:stick":30,"mysticalagriculture:prosperity_shard":3,"minecraft:torch":7,"minecraft:pointed_dripstone":114,"minecraft:diorite":6,"exdeorum:tin_ore_chunk":364,"minecraft:blaze_powder":44,"minecraft:cobblestone":293,"exdeorum:osmium_ore_chunk":229,"exdeorum:basalt_pebble":215,"minecraft:andesite":5,"enderio:grains_of_infinity":100,"minecraft:potato":2,"minecraft:flint":546,"minecraft:dirt":59,"minecraft:lapis_lazuli":378,"exdeorum:nickel_ore_chunk":310,"alltheores:raw_tin":10,"minecraft:raw_gold":75,"mysticalagriculture:soulium_dust":1,"minecraft:glowstone_dust":105,"minecraft:bamboo":2,"minecraft:oak_planks":1,"ironfurnaces:iron_furnace":2,"minecraft:ghast_tear":1,"mekanism:metallurgic_infuser":2,"xycraft_world:xychorium_gem_red":29,"minecraft:sand":947,"exdeorum:flint_mesh":14,"xycraft_world:xychorium_gem_dark":42,"xycraft_world:xychorium_gem_light":47,"alltheores:raw_nickel":11,"minecraft:polished_andesite":15,"thermal:device_rock_gen":1,"exdeorum:diamond_mesh":2,"minecraft:clay":2,"minecraft:diamond":120,"cobblefordays:tier_2":1,"minecraft:bone_meal":88,"exdeorum:copper_ore_chunk":383,"minecraft:emerald":103,"mekanism:superheating_element":2,"minecraft:oak_sapling":73,"exdeorum:gold_ore_chunk":281,"minecraft:charcoal":2,"minecraft:clay_ball":16,"minecraft:brown_mushroom":1,"exdeorum:oak_barrel":3,"exdeorum:blackstone_pebble":201,"minecraft:wooden_sword":1,"exdeorum:granite_pebble":200,"exdeorum:string_mesh":10,"minecraft:blackstone":6,"exdeorum:golden_mesh":17,"exdeorum:iron_mesh":10,"exdeorum:zinc_ore_chunk":246,"minecraft:iron_nugget":11,"allthecompressed:cobblestone_1x":2,"minecraft:raw_iron":126,"exdeorum:porcelain_crucible":1,"mekanism:basic_energy_cube":1,"minecraft:carrot":4,"minecraft:redstone":97,"mekanism:crusher":2,"exdeorum:silk_worm":11,"xycraft_world:xychorium_gem_blue":44,"ironfurnaces:gold_furnace":2,"ae2:certus_quartz_dust":80,"exdeorum:diorite_pebble":201,"exdeorum:andesite_pebble":219,"alltheores:iron_dust":3,"alltheores:raw_osmium":16,"minecraft:basalt":3,"minecraft:red_mushroom":1,"forcecraft:force_gem":83,"minecraft:oak_log":111,"minecraft:gunpowder":121,"mekanism:salt":108,"ae2:sky_dust":84,"minecraft:apple":6,"exdeorum:stone_pebble":1264,"exdeorum:oak_sieve":11,"minecraft:iron_ingot":3,"minecraft:soul_sand":6,"functionalstorage:simple_compacting_drawer":1,"minecraft:oak_slab":1,"exdeorum:deepslate_pebble":231,"exdeorum:lead_ore_chunk":292,"minecraft:quartz":2,"minecraft:amethyst_shard":192,"minecraft:gravel":5080,"exdeorum:silver_ore_chunk":303,"forbidden_arcanus:arcane_crystal":27,"exdeorum:aluminum_ore_chunk":263,"alltheores:raw_silver":10,"minecraft:coal":596}},"DataVersion":3465}