{"stats":{"minecraft:picked_up":{"exdeorum:mycelium_spores":5,"mekanism:electrolytic_separator":1,"exdeorum:dust":1730,"minecraft:lead":5,"exdeorum:iron_ore_chunk":791,"minecraft:raw_copper":241,"exdeorum:grass_seeds":8,"minecraft:string":168,"minecraft:beetroot":2,"alltheores:silver_ore":12,"cobblefordays:tier_1":4,"mekanism:basic_universal_cable":22,"mekanism:purification_chamber":4,"minecraft:red_sand":36,"mysticalagriculture:inferium_essence":2,"minecraft:cobbled_deepslate":1,"minecraft:bucket":1,"minecraft:ender_eye":1,"xycraft_world:xychorium_gem_green":94,"thermal:spinach_seeds":1,"minecraft:furnace":1,"minecraft:stick":110,"apotheosis:gem":1,"thermal:sadiroot_seeds":1,"mysticalagriculture:prosperity_shard":3,"minecraft:torch":7,"minecraft:pointed_dripstone":114,"minecraft:diorite":6,"minecraft:cactus":32,"thermal:corn_seeds":1,"exdeorum:tin_ore_chunk":503,"thermal:radish_seeds":1,"minecraft:chorus_flower":2,"ars_nouveau:sourceberry_bush":1,"minecraft:obsidian":4,"minecraft:blaze_powder":92,"minecraft:cobblestone":935,"exdeorum:osmium_ore_chunk":416,"occultism:datura_seeds":1,"exdeorum:stone_barrel":9,"minecraft:leather_chestplate":1,"exdeorum:basalt_pebble":215,"minecraft:andesite":5,"enderio:grains_of_infinity":187,"minecraft:potato":13,"minecraft:flint":673,"trashcans:item_trash_can":2,"minecraft:lapis_lazuli":568,"exdeorum:nickel_ore_chunk":408,"minecraft:dirt":60,"minecraft:glass":23,"minecraft:bone":2,"alltheores:raw_tin":74,"pipez:fluid_pipe":14,"itemcollectors:basic_collector":3,"minecraft:wheat_seeds":2,"minecraft:raw_gold":79,"mysticalagriculture:soulium_dust":1,"minecraft:bamboo":5,"alltheores:tin_ore":18,"minecraft:glowstone_dust":198,"minecraft:oak_planks":11,"ironfurnaces:iron_furnace":2,"minecraft:ghast_tear":1,"mekanism:metallurgic_infuser":3,"xycraft_world:xychorium_gem_red":91,"exmachinis:flux_hammer":6,"alltheores:raw_lead":64,"exdeorum:flint_mesh":14,"minecraft:sand":2157,"exdeorum:crushed_end_stone":23,"thermal:device_rock_gen":1,"xycraft_world:xychorium_gem_dark":89,"minecraft:barrel":10,"alltheores:osmium_ore":12,"alltheores:raw_nickel":75,"minecraft:polished_andesite":15,"mekanism:basic_mechanical_pipe":3,"xycraft_world:xychorium_gem_light":98,"exdeorum:diamond_mesh":6,"minecraft:clay":28,"ironfurnaces:heater":1,"minecraft:diamond":200,"cobblefordays:tier_2":3,"alltheores:raw_aluminum":64,"thermal:eggplant_seeds":2,"minecraft:bone_meal":169,"exdeorum:copper_ore_chunk":525,"minecraft:emerald":152,"mekanism:superheating_element":2,"minecraft:oak_sapling":88,"minecraft:chorus_fruit":2,"chipped:bordered_cobblestone":28,"exdeorum:gold_ore_chunk":370,"functionalstorage:oak_1":5,"minecraft:charcoal":2,"alltheores:steel_ingot":6,"minecraft:azure_bluet":1,"minecraft:clay_ball":16,"minecraft:brown_mushroom":1,"exdeorum:oak_barrel":3,"exdeorum:blackstone_pebble":201,"minecraft:glass_pane":12,"exdeorum:granite_pebble":207,"exdeorum:string_mesh":10,"minecraft:wooden_sword":1,"mekanism:pressurized_reaction_chamber":4,"minecraft:blackstone":6,"exdeorum:golden_mesh":17,"exdeorum:iron_mesh":10,"exdeorum:zinc_ore_chunk":348,"minecraft:iron_nugget":11,"allthecompressed:cobblestone_1x":4,"minecraft:chest":10,"minecraft:sugar_cane":9,"minecraft:copper_ore":8,"minecraft:raw_iron":186,"minecraft:end_stone":23,"alltheores:raw_zinc":61,"exdeorum:porcelain_crucible":1,"pipez:item_pipe":27,"sophisticatedstorage:copper_chest":1,"mekanism:basic_energy_cube":1,"minecraft:carrot":19,"minecraft:redstone":195,"exmachinis:flux_sieve":9,"mekanism:crusher":8,"exdeorum:silk_worm":12,"xycraft_world:xychorium_gem_blue":107,"ae2:certus_quartz_dust":156,"minecraft:beetroot_seeds":5,"exdeorum:diorite_pebble":209,"ironfurnaces:gold_furnace":2,"exmachinis:gold_upgrade":2,"minecraft:gold_ingot":10,"exdeorum:andesite_pebble":220,"alltheores:iron_dust":3,"exdeorum:crushed_netherrack":36,"alltheores:raw_osmium":69,"chipped:cut_cobblestone_column":4,"minecraft:basalt":3,"minecraft:leather":5,"mekanismgenerators:gas_burning_generator":5,"minecraft:red_mushroom":15,"forcecraft:force_gem":211,"minecraft:oak_log":208,"minecraft:gunpowder":243,"mekanism:enrichment_chamber":3,"mekanism:salt":228,"ae2:sky_dust":164,"pipez:gas_pipe":3,"minecraft:apple":8,"exdeorum:stone_pebble":1571,"exdeorum:oak_sieve":11,"minecraft:iron_ingot":3,"minecraft:green_dye":17,"minecraft:soul_sand":8,"functionalstorage:simple_compacting_drawer":2,"chipped:polished_cobblestone":4,"rftoolsutility:crafter3":10,"minecraft:oak_slab":1,"exdeorum:deepslate_pebble":304,"exdeorum:lead_ore_chunk":412,"minecraft:quartz":3,"minecraft:dandelion":12,"minecraft:gravel":7771,"minecraft:amethyst_shard":287,"alltheores:zinc_ore":15,"exdeorum:silver_ore_chunk":397,"minecraft:gold_ore":12,"minecraft:spider_eye":1,"mekanismgenerators:wind_generator":2,"forbidden_arcanus:arcane_crystal":83,"cookingforblockheads:sink":5,"minecraft:pumpkin_seeds":1,"exdeorum:aluminum_ore_chunk":366,"immersiveengineering:seed":2,"utilitarian:snad":3,"mekanism:advanced_universal_cable":9,"alltheores:raw_silver":74,"sophisticatedstorage:diamond_chest":3,"minecraft:melon_seeds":2,"ironfurnaces:emerald_furnace":1,"thermal:amaranth_seeds":1,"minecraft:coal":673,"minecraft:ender_pearl":1,"alltheores:copper_ore_hammer":1},"minecraft:dropped":{"exdeorum:basalt_pebble":195,"minecraft:brown_mushroom":1,"xycraft_world:xychorium_gem_dark":88,"minecraft:lapis_lazuli":50,"minecraft:oak_log":11,"alltheores:raw_nickel":1,"minecraft:chorus_fruit":2,"minecraft:diamond":27,"exdeorum:copper_ore_chunk":83,"exdeorum:zinc_ore_chunk":16,"minecraft:leather":1,"thermal:corn_seeds":1,"minecraft:red_mushroom":1,"minecraft:cyan_terracotta":2,"minecraft:flint":724,"exdeorum:gold_ore_chunk":18,"minecraft:dirt":7,"alltheores:nickel_clump":144,"exdeorum:compressed_stone_hammer":9,"mekanism:clump_iron":4,"minecraft:amethyst_shard":42,"exdeorum:granite_pebble":187,"minecraft:wooden_sword":2,"exdeorum:crook":2,"minecraft:bone_meal":6,"minecraft:sand":51,"exdeorum:lead_ore_chunk":24,"minecraft:bone":2,"enderio:grains_of_infinity":15,"xycraft_world:xychorium_gem_light":98,"minecraft:gravel":58,"thermal:spinach_seeds":1,"minecraft:blackstone":5,"minecraft:sugar_cane":3,"exdeorum:string_mesh":2,"minecraft:cobbled_deepslate":1,"minecraft:pointed_dripstone":7,"xycraft_world:xychorium_gem_blue":104,"minecraft:beetroot":1,"minecraft:oak_planks":4,"minecraft:glowstone_dust":1,"minecraft:blaze_powder":1,"exdeorum:silver_ore_chunk":21,"minecraft:azure_bluet":1,"thermal:eggplant_seeds":2,"minecraft:carrot":19,"ae2:sky_dust":5,"ars_nouveau:sourceberry_bush":1,"minecraft:gunpowder":5,"mysticalagriculture:inferium_essence":1,"minecraft:melon_seeds":2,"minecraft:charcoal":2,"apotheosis:gem":1,"minecraft:beetroot_seeds":3,"forbidden_arcanus:arcane_crystal":62,"minecraft:glass":23,"utilitarian:snad":1,"immersiveengineering:seed":2,"mekanism:clump_tin":88,"minecraft:ghast_tear":1,"minecraft:netherrack":6,"chipped:polished_cobblestone":4,"minecraft:oak_slab":5,"xycraft_world:xychorium_gem_green":94,"minecraft:wheat_seeds":2,"minecraft:chorus_flower":2,"allthecompressed:cobblestone_1x":182,"exdeorum:deepslate_pebble":292,"exdeorum:mycelium_spores":4,"minecraft:lead":5,"minecraft:cobblestone":1532,"minecraft:apple":2,"minecraft:copper_ingot":1,"mysticalagriculture:soulium_dust":1,"exdeorum:iron_ore_chunk":10,"minecraft:coal":74,"exdeorum:osmium_ore_chunk":103,"minecraft:stick":77,"minecraft:polished_andesite":14,"chipped:cut_cobblestone_column":1,"exdeorum:grass_seeds":6,"alltheores:dirty_nickel_dust":48,"alltheores:copper_ore_hammer":1,"alltheores:dirty_silver_dust":50,"mysticalagriculture:prosperity_shard":3,"thermal:radish_seeds":1,"mekanism:dirty_dust_tin":50,"minecraft:cactus":91,"minecraft:paper":1,"exdeorum:stone_pebble":537,"minecraft:bucket":1,"minecraft:dandelion":3,"minecraft:redstone":2,"minecraft:furnace":1,"thermal:amaranth_seeds":1,"minecraft:raw_copper":4,"minecraft:raw_iron":4,"minecraft:composter":1,"chipped:bordered_cobblestone":174,"minecraft:glass_pane":24,"minecraft:pumpkin_seeds":1,"thermal:sadiroot_seeds":1,"minecraft:copper_ore":3,"xycraft_world:xychorium_gem_red":89,"minecraft:potato":12,"exdeorum:nickel_ore_chunk":21,"minecraft:stone":10,"exdeorum:tin_ore_chunk":23,"exdeorum:aluminum_ore_chunk":16,"minecraft:andesite":4,"minecraft:oak_sapling":4,"ae2:certus_quartz_dust":85,"alltheores:nickel_ore":1,"exdeorum:andesite_pebble":92,"minecraft:bamboo":5,"exdeorum:diorite_pebble":189,"minecraft:stone_pickaxe":1,"exdeorum:blackstone_pebble":181,"alltheores:steel_ingot":6,"exdeorum:stone_hammer":9},"minecraft:used":{"minecraft:red_sand":36,"mekanism:upgrade_gas":2,"trashcans:item_trash_can":3,"mekanism:basic_fluid_tank":1,"rftoolspower:coalgenerator":1,"minecraft:chest":18,"minecraft:stone":9,"minecraft:iron_sword":40,"allthecompressed:cobblestone_1x":816,"pickletweaks:emerald_pickaxe":1135,"minecraft:soul_sand":8,"mekanism:basic_mechanical_pipe":3,"mekanism:basic_universal_cable":30,"mekanism:basic_energy_cube":2,"alltheores:lead_ore":64,"minecraft:lava_bucket":17,"itemcollectors:basic_collector":4,"mekanismgenerators:wind_generator":2,"minecraft:copper_ore":70,"mekanism:basic_tier_installer":3,"ironfurnaces:iron_furnace":1,"pipez:item_pipe":59,"minecraft:furnace":2,"minecraft:oak_sapling":32,"minecraft:beetroot_seeds":1,"mekanismgenerators:gas_burning_generator":6,"mekanism:advanced_universal_cable":29,"minecraft:diorite":6,"minecraft:diamond_boots":2,"minecraft:stone_pickaxe":76,"minecraft:oak_planks":18,"minecraft:blackstone":6,"minecraft:cactus":2,"minecraft:leather_chestplate":1,"minecraft:clay":4,"minecraft:diamond_axe":230,"minecraft:sugar_cane":3,"alltheores:nickel_ore":75,"rftoolsutility:crafter3":12,"minecraft:sand":110,"minecraft:end_stone":23,"mekanism:superheating_element":4,"chipped:cut_cobblestone_column":228,"exdeorum:oak_barrel":10,"mekanism:crusher":10,"mekanism:metallurgic_infuser":4,"mekanism:upgrade_speed":7,"ironfurnaces:heater":2,"alltheores:aluminum_ore":64,"minecraft:gravel":5431,"exmachinis:flux_hammer":10,"minecraft:wooden_sword":8,"functionalstorage:oak_1":8,"exdeorum:crushed_end_stone":23,"minecraft:andesite":7,"exdeorum:compressed_stone_hammer":1160,"exmachinis:flux_sieve":11,"minecraft:bone_meal":5,"exdeorum:mycelium_spores":1,"cookingforblockheads:sink":7,"ironfurnaces:gold_furnace":2,"mekanism:enrichment_chamber":5,"minecraft:iron_bars":1,"exdeorum:compressed_diamond_hammer":71,"chipped:bordered_cobblestone":58,"farmingforblockheads:market":1,"thermal:device_rock_gen":2,"exdeorum:crook":814,"minecraft:stone_hoe":1,"minecraft:netherrack":1,"minecraft:stick":3,"minecraft:torch":6,"exdeorum:witch_water_bucket":3,"minecraft:dirt":129,"cobblefordays:tier_2":4,"alltheores:silver_ore":74,"alltheores:osmium_ore":69,"exdeorum:silk_worm":9,"minecraft:granite":5,"mekanism:alloy_infused":1,"functionalstorage:simple_compacting_drawer":3,"minecraft:wooden_axe":80,"cobblefordays:tier_5":1,"utilitarian:snad":7,"mekanism:purification_chamber":5,"allthecompressed:netherrack_1x":4,"sophisticatedstorage:diamond_chest":9,"minecraft:barrel":13,"exdeorum:porcelain_crucible":2,"alltheores:tin_ore":74,"minecraft:basalt":8,"cobblefordays:tier_1":4,"exdeorum:stone_hammer":811,"mekanism:upgrade_energy":4,"constructionwand:diamond_wand":132,"mekanism:pressurized_reaction_chamber":5,"tombstone:gift":4,"mekanism:electrolytic_separator":2,"minecraft:cooked_beef":27,"minecraft:cobbled_deepslate":2,"exdeorum:oak_sieve":21,"pipez:fluid_pipe":24,"minecraft:water_bucket":51,"minecraft:iron_ore":186,"minecraft:polished_andesite":21,"minecraft:gold_ore":57,"minecraft:crafting_table":1,"minecraft:oak_slab":1,"chipped:mason_table":1,"minecraft:campfire":1,"minecraft:white_bed":1,"occultism:datura":1,"exdeorum:compressed_crushed_netherrack":4,"exdeorum:stone_barrel":12,"exdeorum:dust":1689,"allthecompressed:sand_1x":180,"allthecompressed:gravel_1x":226,"sophisticatedstorage:copper_chest":1,"exdeorum:diamond_hammer":28,"pipez:gas_pipe":3,"alltheores:zinc_ore":61,"minecraft:cobblestone":613,"ironfurnaces:emerald_furnace":3,"minecraft:bucket":99,"chipped:polished_cobblestone":17,"minecraft:dandelion":1},"minecraft:killed":{"minecraft:spider":1,"minecraft:skeleton":1,"minecraft:creeper":5,"minecraft:trader_llama":7,"minecraft:zombie":2,"minecraft:wandering_trader":1},"minecraft:mined":{"mekanismgenerators:wind_generator":1,"mekanism:advanced_universal_cable":4,"minecraft:obsidian":1,"minecraft:granite":5,"minecraft:grass_block":29,"pipez:gas_pipe":3,"thermal:device_rock_gen":1,"mekanism:purification_chamber":4,"cobblefordays:tier_1":4,"allthecompressed:sand_1x":180,"ironfurnaces:gold_furnace":2,"minecraft:fire":7,"minecraft:iron_ore":186,"minecraft:barrel":11,"minecraft:cobbled_deepslate":2,"pipez:fluid_pipe":14,"chipped:cut_cobblestone_column":26,"minecraft:azure_bluet":1,"supplementaries:stick":3,"exdeorum:oak_sieve":11,"alltheores:nickel_ore":75,"minecraft:brown_mushroom":1,"minecraft:blackstone":6,"mekanism:enrichment_chamber":3,"exmachinis:flux_hammer":6,"ironfurnaces:iron_furnace":2,"minecraft:clay":4,"minecraft:torch":4,"sophisticatedstorage:diamond_chest":3,"minecraft:chest":10,"minecraft:mushroom_stem":4,"minecraft:cobblestone":732,"ironfurnaces:emerald_furnace":1,"rftoolsutility:crafter3":10,"minecraft:sugar_cane":6,"minecraft:oak_planks":10,"cobblefordays:tier_2":3,"exdeorum:dust":3,"exdeorum:stone_barrel":9,"alltheores:tin_ore":74,"minecraft:grass":60,"minecraft:oak_log":84,"exdeorum:oak_barrel":3,"minecraft:beetroots":1,"minecraft:sand":110,"minecraft:dirt":34,"allthecompressed:cobblestone_1x":816,"minecraft:red_mushroom_block":45,"mekanism:basic_universal_cable":8,"ironfurnaces:heater":1,"minecraft:oak_leaves":429,"trashcans:item_trash_can":2,"alltheores:zinc_ore":61,"alltheores:osmium_ore":69,"mekanism:basic_mechanical_pipe":1,"chipped:polished_cobblestone":5,"minecraft:end_stone":23,"functionalstorage:oak_1":5,"minecraft:red_mushroom":1,"exdeorum:compressed_crushed_netherrack":4,"minecraft:furnace":1,"minecraft:andesite":7,"functionalstorage:simple_compacting_drawer":2,"alltheores:lead_ore":64,"mekanism:superheating_element":3,"mekanismgenerators:gas_burning_generator":3,"alltheores:silver_ore":74,"alltheores:aluminum_ore":64,"minecraft:stone":6,"exdeorum:porcelain_crucible":1,"minecraft:oak_slab":1,"mekanism:crusher":7,"utilitarian:snad":3,"exdeorum:infested_leaves":449,"minecraft:basalt":8,"mekanism:basic_energy_cube":1,"minecraft:dandelion":12,"pipez:item_pipe":31,"exmachinis:flux_sieve":9,"allthecompressed:gravel_1x":226,"minecraft:campfire":1,"sophisticatedstorage:copper_chest":1,"minecraft:copper_ore":70,"minecraft:tall_grass":9,"mekanism:metallurgic_infuser":2,"minecraft:diorite":6,"chipped:bordered_cobblestone":29,"itemcollectors:basic_collector":3,"allthecompressed:netherrack_1x":4,"minecraft:cactus":1,"mekanism:pressurized_reaction_chamber":3,"cookingforblockheads:sink":5,"minecraft:gravel":131,"minecraft:polished_andesite":21,"minecraft:gold_ore":57},"minecraft:crafted":{"minecraft:brick":1,"pipez:wrench":1,"ironfurnaces:item_heater":2,"minecraft:smooth_stone":0,"minecraft:oak_planks":137,"minecraft:barrel":6,"alltheores:constantan_ingot":0,"sophisticatedstorage:gold_chest":6,"mekanism:electrolytic_separator":1,"alltheores:copper_dust":23,"alltheores:iron_ore_hammer":1,"mekanism:electrolytic_core":2,"mekanismgenerators:gas_burning_generator":1,"pipez:item_pipe":17,"minecraft:sand":1,"alltheores:silver_ore":85,"ironfurnaces:iron_furnace":1,"minecraft:stone":12,"projecte:high_covalence_dust":1,"exdeorum:unfired_porcelain_crucible":1,"mekanismgenerators:heat_generator":1,"ironfurnaces:diamond_furnace":2,"pipez:fluid_pipe":32,"alltheores:osmium_ore":69,"minecraft:iron_bars":17,"minecraft:green_dye":0,"minecraft:granite":5,"mekanism:basic_tier_installer":3,"minecraft:glass":15,"minecraft:hopper":6,"alltheores:osmium_dust":58,"alltheores:aluminum_ore":76,"alltheores:nickel_ore":87,"silentgear:rough_rod":7,"exmachinis:diamond_upgrade":6,"minecraft:comparator":3,"rftoolsutility:crafter1":2,"minecraft:cyan_terracotta":12,"allthecompressed:sand_1x":179,"minecraft:chest":15,"alltheores:raw_osmium_block":4,"minecraft:copper_block":12,"mekanism:basic_fluid_tank":1,"minecraft:stone_hoe":1,"minecraft:ender_eye":6,"alltheores:steel_dust":110,"exdeorum:stone_hammer":93,"mekanism:energy_tablet":4,"exdeorum:porcelain_crucible":1,"chipped:mason_table":1,"exdeorum:compressed_crushed_netherrack":4,"minecraft:raw_iron_block":8,"cobblefordays:tier_2":2,"sophisticatedstorage:diamond_chest":6,"minecraft:dropper":4,"rftoolspower:coalgenerator":1,"minecraft:oak_slab":13,"ironfurnaces:heater":1,"minecraft:emerald":1,"exdeorum:oak_barrel":7,"minecraft:diamond_axe":1,"minecraft:crafting_table":14,"minecraft:gold_ore":68,"minecraft:gravel":1,"minecraft:moss_block":1,"minecraft:red_wool":1,"pipez:gas_pipe":16,"ironfurnaces:augment_blasting":1,"minecraft:copper_ingot":18,"minecraft:gold_block":1,"mekanism:purification_chamber":1,"minecraft:campfire":1,"minecraft:diorite":5,"cobblefordays:tier_1":1,"alltheores:lead_ore":86,"rftoolsutility:crafter2":2,"thermal:redstone_servo":1,"minecraft:paper":1,"minecraft:charcoal":1,"mekanism:steel_casing":14,"exdeorum:flint_mesh":10,"rftoolsutility:crafter3":2,"minecraft:stick":77,"minecraft:stone_slab":1,"mekanism:crusher":2,"minecraft:iron_ingot":33,"projecte:medium_covalence_dust":1,"minecraft:iron_block":14,"mekanism:upgrade_gas":8,"minecraft:iron_ore":176,"exdeorum:compressed_diamond_hammer":1,"minecraft:gold_ingot":0,"exdeorum:oak_sieve":12,"minecraft:redstone_torch":27,"farmingforblockheads:market":1,"minecraft:composter":1,"alltheores:constantan_gear":1,"mekanism:advanced_universal_cable":10,"minecraft:polished_andesite":5,"exmachinis:flux_sieve":2,"minecraft:redstone":1,"mekanism:basic_universal_cable":25,"functionalstorage:simple_compacting_drawer":1,"rftoolsbase:machine_frame":3,"mekanismgenerators:wind_generator":1,"ironfurnaces:gold_furnace":2,"mekanism:pressurized_reaction_chamber":2,"minecraft:cobbled_deepslate":2,"sophisticatedstorage:iron_chest":6,"mekanism:basic_chemical_tank":4,"alltheores:invar_dust":4,"exmachinis:gold_upgrade":17,"minecraft:furnace":7,"minecraft:blast_furnace":1,"alltheores:gold_dust":82,"minecraft:piston":2,"exdeorum:diamond_mesh":9,"minecraft:bone_meal":10,"minecraft:raw_copper_block":24,"minecraft:diamond_block":2,"minecraft:glass_pane":2,"allthecompressed:gravel_1x":225,"sophisticatedstorage:copper_chest":2,"alltheores:copper_ore_hammer":6,"ironfurnaces:emerald_furnace":2,"minecraft:basalt":5,"minecraft:terracotta":0,"minecraft:diamond":2,"sophisticatedstorage:upgrade_base":4,"alltheores:tin_ore":90,"utilitarian:snad":5,"exdeorum:string_mesh":15,"minecraft:stone_pickaxe":1,"minecraft:diamond_boots":2,"alltheores:constantan_dust":2,"alltheores:steel_ingot":1,"minecraft:redstone_block":1,"trashcans:item_trash_can":1,"exdeorum:iron_mesh":9,"functionalstorage:oak_1":4,"dankstorage:dank_1":4,"alltheores:nickel_dust":3,"minecraft:red_dye":1,"pickletweaks:emerald_pickaxe":1,"exdeorum:golden_mesh":9,"constructionwand:diamond_wand":1,"exdeorum:stone_barrel":6,"minecraft:bone_block":1,"alltheores:osmium_ingot":0,"minecraft:cyan_dye":3,"exdeorum:diamond_hammer":13,"mekanism:metallurgic_infuser":1,"alltheores:nickel_ingot":0,"alltheores:zinc_ore":74,"mekanism:dynamic_tank":4,"alltheores:invar_ingot":0,"mekanism:superheating_element":2,"allthecompressed:netherrack_1x":4,"itemcollectors:basic_collector":1,"exdeorum:compressed_stone_hammer":9,"minecraft:copper_ore":99,"minecraft:bucket":5,"cobblefordays:tier_5":1,"cobblefordays:tier_3":1,"projecte:low_covalence_dust":1,"minecraft:air":4592,"exdeorum:crook":8,"mekanism:upgrade_speed":36,"minecraft:blue_dye":16,"exdeorum:porcelain_clay_ball":12,"sophisticatedstorage:chest":6,"minecraft:white_wool":8,"mekanism:basic_energy_cube":1,"minecraft:cobblestone":259,"minecraft:gold_nugget":18,"mekanism:enrichment_chamber":5,"mekanism:upgrade_energy":28,"minecraft:flint":4,"minecraft:gunpowder":21,"minecraft:blackstone":5,"mekanism:advanced_control_circuit":2,"mekanism:basic_mechanical_pipe":1,"alltheores:iron_dust":198,"minecraft:white_bed":1,"exmachinis:flux_hammer":4,"minecraft:andesite":32,"thermal:device_rock_gen":1,"cookingforblockheads:sink":2,"minecraft:lapis_lazuli":27,"minecraft:lapis_block":3,"cobblefordays:tier_4":1},"minecraft:killed_by":{"minecraft:creeper":1,"minecraft:zombie":1,"minecraft:stray":1},"minecraft:custom":{"minecraft:interact_with_crafting_table":410,"minecraft:open_barrel":233,"minecraft:leave_game":13,"minecraft:time_since_death":156414,"minecraft:sprint_one_cm":584420,"minecraft:drop":541,"minecraft:talked_to_villager":25,"minecraft:play_time":920459,"minecraft:deaths":7,"minecraft:jump":4131,"minecraft:walk_on_water_one_cm":16007,"minecraft:interact_with_furnace":379,"minecraft:traded_with_villager":7,"minecraft:sleep_in_bed":18,"minecraft:damage_dealt":4388,"minecraft:crouch_one_cm":120393,"tombstone:undead_killed":3,"tombstone:villager_killed":1,"minecraft:mob_kills":17,"minecraft:damage_dealt_resisted":0,"minecraft:walk_one_cm":1068111,"minecraft:sneak_time":35675,"minecraft:walk_under_water_one_cm":10992,"minecraft:total_world_time":920459,"minecraft:time_since_rest":9517,"minecraft:damage_taken":12225,"minecraft:use_wand":1417,"minecraft:swim_one_cm":2797,"minecraft:fly_one_cm":496829,"minecraft:open_chest":1018,"minecraft:fall_one_cm":371485},"minecraft:broken":{"minecraft:leather_chestplate":1,"exdeorum:crook":4}},"DataVersion":3465}