{"stats":{"minecraft:picked_up":{"exdeorum:dust":1730,"minecraft:lead":7,"exdeorum:iron_ore_chunk":791,"exdeorum:grass_seeds":8,"minecraft:string":172,"minecraft:beetroot":2,"mysticalagriculture:inferium_essence":3,"minecraft:cobbled_deepslate":1,"mekanism:basic_universal_cable":22,"thermal:sadiroot_seeds":1,"mysticalagriculture:prosperity_shard":3,"thermal:radish_seeds":1,"ars_nouveau:sourceberry_bush":1,"minecraft:iron_bars":1,"enderio:grains_of_infinity":187,"minecraft:flint":673,"trashcans:item_trash_can":4,"exdeorum:nickel_ore_chunk":408,"pipez:fluid_pipe":21,"mysticalagriculture:soulium_dust":1,"minecraft:glowstone_dust":198,"mekanism:metallurgic_infuser":5,"xycraft_world:xychorium_gem_red":91,"exmachinis:flux_hammer":6,"exdeorum:flint_mesh":14,"minecraft:barrel":10,"xycraft_world:xychorium_gem_dark":89,"alltheores:osmium_ore":12,"mekanism:basic_mechanical_pipe":3,"minecraft:polished_andesite":15,"thermal:device_rock_gen":1,"exdeorum:diamond_mesh":6,"ironfurnaces:heater":2,"thermal:eggplant_seeds":2,"exdeorum:copper_ore_chunk":525,"chipped:bordered_cobblestone":32,"exdeorum:gold_ore_chunk":370,"alltheores:steel_ingot":6,"minecraft:clay_ball":16,"exdeorum:granite_pebble":207,"mekanism:pressurized_reaction_chamber":4,"minecraft:glass_pane":12,"exdeorum:iron_mesh":10,"exdeorum:zinc_ore_chunk":348,"minecraft:iron_nugget":11,"allthecompressed:cobblestone_1x":4,"minecraft:chest":10,"minecraft:copper_ore":8,"alltheores:raw_zinc":61,"pipez:item_pipe":31,"mekanism:elite_universal_cable":4,"minecraft:carrot":19,"exmachinis:flux_sieve":9,"minecraft:redstone":195,"mekanism:crusher":9,"exdeorum:silk_worm":12,"minecraft:beetroot_seeds":5,"ironfurnaces:gold_furnace":2,"exmachinis:gold_upgrade":2,"exdeorum:andesite_pebble":220,"alltheores:iron_dust":67,"minecraft:gold_ingot":10,"alltheores:raw_osmium":69,"rftoolspower:coalgenerator":3,"mekanismgenerators:gas_burning_generator":7,"minecraft:red_mushroom":15,"forcecraft:force_gem":211,"minecraft:oak_log":208,"minecraft:apple":8,"exdeorum:stone_pebble":1571,"rftoolsutility:crafter3":10,"exdeorum:deepslate_pebble":304,"exdeorum:lead_ore_chunk":412,"minecraft:gravel":7771,"alltheores:zinc_ore":15,"exdeorum:silver_ore_chunk":397,"forbidden_arcanus:arcane_crystal":83,"cookingforblockheads:sink":6,"exdeorum:aluminum_ore_chunk":366,"immersiveengineering:seed":2,"mekanism:advanced_universal_cable":21,"alltheores:raw_silver":74,"thermal:amaranth_seeds":1,"minecraft:melon_seeds":2,"minecraft:ender_pearl":2,"exdeorum:mycelium_spores":5,"mekanism:electrolytic_separator":1,"minecraft:raw_copper":241,"alltheores:silver_ore":12,"minecraft:red_sand":36,"cobblefordays:tier_1":4,"minecraft:bucket":1,"mekanism:purification_chamber":4,"minecraft:ender_eye":3,"thermal:spinach_seeds":1,"xycraft_world:xychorium_gem_green":94,"minecraft:furnace":1,"minecraft:stick":110,"apotheosis:gem":1,"minecraft:torch":7,"minecraft:pointed_dripstone":114,"minecraft:diorite":6,"minecraft:cactus":37,"thermal:corn_seeds":1,"exdeorum:tin_ore_chunk":503,"minecraft:chorus_flower":2,"minecraft:obsidian":8,"minecraft:blaze_powder":92,"minecraft:cobblestone":936,"exdeorum:osmium_ore_chunk":416,"occultism:datura_seeds":1,"exdeorum:basalt_pebble":215,"minecraft:leather_chestplate":1,"exdeorum:stone_barrel":9,"minecraft:andesite":5,"minecraft:potato":13,"minecraft:lapis_lazuli":568,"minecraft:dirt":60,"alltheores:raw_tin":74,"minecraft:glass":23,"minecraft:bone":2,"itemcollectors:basic_collector":9,"minecraft:wheat_seeds":2,"minecraft:raw_gold":79,"alltheores:tin_ore":18,"minecraft:bamboo":5,"minecraft:oak_planks":11,"ironfurnaces:iron_furnace":2,"minecraft:ghast_tear":1,"alltheores:raw_lead":64,"minecraft:sand":2158,"exdeorum:crushed_end_stone":33,"alltheores:raw_nickel":75,"xycraft_world:xychorium_gem_light":98,"minecraft:clay":28,"minecraft:diamond":200,"cobblefordays:tier_2":3,"alltheores:raw_aluminum":64,"minecraft:bone_meal":169,"minecraft:emerald":152,"mekanism:superheating_element":2,"minecraft:oak_sapling":88,"minecraft:chorus_fruit":4,"functionalstorage:oak_1":9,"minecraft:charcoal":2,"minecraft:azure_bluet":1,"minecraft:brown_mushroom":1,"exdeorum:oak_barrel":3,"exdeorum:blackstone_pebble":201,"exdeorum:string_mesh":10,"minecraft:wooden_sword":1,"exdeorum:golden_mesh":17,"minecraft:blackstone":6,"minecraft:sugar_cane":9,"minecraft:raw_iron":186,"minecraft:end_stone":33,"exdeorum:porcelain_crucible":1,"sophisticatedstorage:copper_chest":1,"mekanism:basic_energy_cube":2,"xycraft_world:xychorium_gem_blue":107,"ae2:certus_quartz_dust":156,"exdeorum:diorite_pebble":209,"exdeorum:crushed_netherrack":36,"chipped:cut_cobblestone_column":6,"minecraft:basalt":3,"minecraft:leather":7,"minecraft:gunpowder":243,"mekanism:enrichment_chamber":5,"mekanism:salt":228,"ae2:sky_dust":164,"pipez:gas_pipe":7,"exdeorum:oak_sieve":11,"minecraft:iron_ingot":3,"minecraft:soul_sand":8,"minecraft:oak_slab":1,"functionalstorage:simple_compacting_drawer":2,"minecraft:green_dye":17,"chipped:polished_cobblestone":4,"minecraft:quartz":3,"minecraft:dandelion":12,"minecraft:amethyst_shard":287,"minecraft:gold_ore":12,"minecraft:spider_eye":4,"ironfurnaces:augment_blasting":1,"mekanismgenerators:wind_generator":2,"minecraft:pumpkin_seeds":1,"utilitarian:snad":4,"sophisticatedstorage:diamond_chest":3,"ironfurnaces:emerald_furnace":2,"minecraft:coal":673,"alltheores:copper_ore_hammer":1},"minecraft:dropped":{"exdeorum:basalt_pebble":195,"xycraft_world:xychorium_gem_dark":88,"minecraft:lapis_lazuli":50,"minecraft:chorus_fruit":4,"minecraft:diamond":27,"exdeorum:zinc_ore_chunk":16,"thermal:corn_seeds":1,"minecraft:red_mushroom":1,"exdeorum:gold_ore_chunk":18,"minecraft:dirt":7,"alltheores:nickel_clump":144,"mekanism:clump_iron":4,"exdeorum:crook":2,"minecraft:wooden_sword":2,"exdeorum:granite_pebble":187,"minecraft:bone_meal":6,"minecraft:sand":51,"exdeorum:lead_ore_chunk":24,"minecraft:bone":2,"minecraft:sugar_cane":3,"minecraft:cobbled_deepslate":1,"mekanism:substrate":384,"xycraft_world:xychorium_gem_blue":104,"minecraft:oak_planks":4,"minecraft:glowstone_dust":1,"minecraft:blaze_powder":1,"exdeorum:silver_ore_chunk":21,"minecraft:azure_bluet":1,"thermal:eggplant_seeds":2,"mekanism:bio_fuel":60,"minecraft:charcoal":2,"mysticalagriculture:inferium_essence":2,"apotheosis:gem":1,"forbidden_arcanus:arcane_crystal":62,"minecraft:glass":23,"mekanism:clump_tin":88,"minecraft:ghast_tear":1,"chipped:polished_cobblestone":4,"xycraft_world:xychorium_gem_green":94,"minecraft:wheat_seeds":2,"exdeorum:deepslate_pebble":292,"minecraft:cobblestone":1586,"minecraft:apple":2,"minecraft:coal":74,"minecraft:polished_andesite":14,"chipped:cut_cobblestone_column":1,"alltheores:dirty_nickel_dust":48,"alltheores:copper_ore_hammer":1,"alltheores:dirty_silver_dust":50,"thermal:radish_seeds":1,"mekanism:dirty_dust_tin":50,"minecraft:paper":1,"minecraft:string":2,"minecraft:furnace":1,"thermal:amaranth_seeds":1,"minecraft:pumpkin_seeds":1,"xycraft_world:xychorium_gem_red":89,"minecraft:potato":12,"minecraft:stone":10,"exdeorum:aluminum_ore_chunk":16,"exdeorum:diorite_pebble":189,"minecraft:spider_eye":2,"minecraft:bamboo":5,"exdeorum:blackstone_pebble":181,"exdeorum:andesite_pebble":92,"alltheores:steel_ingot":7,"minecraft:brown_mushroom":1,"minecraft:oak_log":11,"alltheores:raw_nickel":1,"exdeorum:copper_ore_chunk":83,"minecraft:leather":1,"minecraft:flint":724,"minecraft:cyan_terracotta":2,"exdeorum:compressed_stone_hammer":9,"minecraft:amethyst_shard":42,"enderio:grains_of_infinity":15,"xycraft_world:xychorium_gem_light":98,"minecraft:gravel":58,"thermal:spinach_seeds":1,"minecraft:blackstone":5,"exdeorum:string_mesh":2,"minecraft:pointed_dripstone":7,"minecraft:beetroot":1,"minecraft:carrot":19,"ae2:sky_dust":5,"ars_nouveau:sourceberry_bush":1,"minecraft:gunpowder":5,"minecraft:beetroot_seeds":3,"minecraft:melon_seeds":2,"utilitarian:snad":1,"immersiveengineering:seed":2,"minecraft:netherrack":6,"minecraft:oak_slab":5,"minecraft:chorus_flower":2,"allthecompressed:cobblestone_1x":182,"exdeorum:mycelium_spores":4,"minecraft:lead":7,"minecraft:copper_ingot":1,"exdeorum:iron_ore_chunk":10,"mysticalagriculture:soulium_dust":1,"exdeorum:osmium_ore_chunk":103,"minecraft:stick":77,"exdeorum:grass_seeds":6,"mysticalagriculture:prosperity_shard":3,"minecraft:cactus":97,"exdeorum:stone_pebble":537,"minecraft:bucket":1,"minecraft:dandelion":3,"minecraft:redstone":2,"alltheores:iron_dust":2,"minecraft:raw_copper":4,"minecraft:raw_iron":4,"minecraft:composter":1,"chipped:bordered_cobblestone":174,"minecraft:glass_pane":24,"minecraft:copper_ore":3,"thermal:sadiroot_seeds":1,"exdeorum:nickel_ore_chunk":21,"exdeorum:tin_ore_chunk":23,"minecraft:andesite":4,"minecraft:oak_sapling":5,"ae2:certus_quartz_dust":85,"alltheores:nickel_ore":1,"minecraft:stone_pickaxe":1,"exdeorum:stone_hammer":9},"minecraft:used":{"mekanism:upgrade_gas":2,"trashcans:item_trash_can":5,"rftoolspower:coalgenerator":3,"minecraft:chest":18,"minecraft:stone":9,"minecraft:soul_sand":8,"mekanism:basic_energy_cube":3,"alltheores:lead_ore":64,"minecraft:lava_bucket":17,"itemcollectors:basic_collector":11,"minecraft:copper_ore":70,"ironfurnaces:iron_furnace":1,"minecraft:oak_sapling":34,"minecraft:furnace":2,"mekanismgenerators:gas_burning_generator":14,"mekanism:advanced_universal_cable":56,"minecraft:diorite":6,"minecraft:cactus":4,"minecraft:blackstone":6,"minecraft:leather_chestplate":1,"minecraft:clay":4,"rftoolsutility:crafter3":12,"minecraft:sand":111,"mekanism:elite_universal_cable":1,"chipped:cut_cobblestone_column":228,"ironfurnaces:heater":3,"alltheores:aluminum_ore":64,"minecraft:wooden_sword":8,"exmachinis:flux_sieve":11,"ironfurnaces:gold_furnace":2,"minecraft:iron_bars":2,"exdeorum:compressed_diamond_hammer":71,"chipped:bordered_cobblestone":60,"farmingforblockheads:market":1,"exdeorum:crook":814,"minecraft:netherrack":1,"minecraft:stick":3,"minecraft:torch":6,"exdeorum:witch_water_bucket":3,"alltheores:silver_ore":74,"utilitarian:snad":8,"mekanism:purification_chamber":5,"allthecompressed:netherrack_1x":4,"sophisticatedstorage:diamond_chest":9,"minecraft:barrel":13,"alltheores:tin_ore":74,"minecraft:basalt":8,"cobblefordays:tier_1":4,"mekanism:upgrade_energy":16,"constructionwand:diamond_wand":132,"tombstone:gift":4,"minecraft:cobbled_deepslate":2,"exdeorum:oak_sieve":21,"minecraft:water_bucket":53,"minecraft:gold_ore":57,"minecraft:oak_slab":1,"minecraft:crafting_table":1,"minecraft:white_bed":1,"minecraft:campfire":1,"occultism:datura":1,"exdeorum:compressed_crushed_netherrack":4,"allthecompressed:sand_1x":180,"allthecompressed:gravel_1x":226,"minecraft:cobblestone":624,"minecraft:dandelion":1,"minecraft:red_sand":36,"mekanism:basic_fluid_tank":1,"minecraft:iron_sword":44,"allthecompressed:cobblestone_1x":816,"pickletweaks:emerald_pickaxe":1183,"mekanism:basic_mechanical_pipe":3,"mekanism:basic_universal_cable":38,"mekanism:alloy_reinforced":8,"mekanismgenerators:wind_generator":2,"mekanism:basic_tier_installer":3,"pipez:item_pipe":63,"minecraft:beetroot_seeds":1,"minecraft:diamond_boots":2,"minecraft:stone_pickaxe":76,"minecraft:oak_planks":18,"minecraft:diamond_axe":263,"minecraft:sugar_cane":3,"alltheores:nickel_ore":75,"minecraft:end_stone":33,"mekanism:superheating_element":4,"exdeorum:oak_barrel":10,"mekanism:crusher":11,"mekanism:metallurgic_infuser":6,"mekanism:upgrade_speed":11,"minecraft:gravel":5431,"exmachinis:flux_hammer":10,"functionalstorage:oak_1":12,"minecraft:andesite":7,"exdeorum:crushed_end_stone":33,"exdeorum:compressed_stone_hammer":1160,"mekanism:basic_smelting_factory":1,"minecraft:bone_meal":5,"exdeorum:mycelium_spores":1,"cookingforblockheads:sink":8,"mekanism:enrichment_chamber":7,"thermal:device_rock_gen":2,"minecraft:stone_hoe":1,"minecraft:dirt":129,"cobblefordays:tier_2":4,"alltheores:osmium_ore":69,"exdeorum:silk_worm":9,"mekanism:alloy_infused":2,"minecraft:granite":5,"functionalstorage:simple_compacting_drawer":3,"minecraft:wooden_axe":80,"cobblefordays:tier_5":1,"exdeorum:porcelain_crucible":2,"exdeorum:stone_hammer":811,"minecraft:cooked_beef":32,"mekanism:electrolytic_separator":2,"mekanism:pressurized_reaction_chamber":5,"pipez:fluid_pipe":34,"minecraft:iron_ore":186,"minecraft:polished_andesite":21,"chipped:mason_table":1,"exdeorum:stone_barrel":12,"exdeorum:dust":1689,"sophisticatedstorage:copper_chest":1,"exdeorum:diamond_hammer":38,"pipez:gas_pipe":11,"alltheores:zinc_ore":61,"ironfurnaces:emerald_furnace":4,"minecraft:bucket":102,"chipped:polished_cobblestone":17},"minecraft:killed":{"minecraft:skeleton":1,"minecraft:zombie":2,"minecraft:wandering_trader":1,"minecraft:spider":5,"minecraft:creeper":5,"minecraft:trader_llama":9,"forcecraft:fairy":1},"minecraft:mined":{"mekanismgenerators:wind_generator":1,"minecraft:obsidian":1,"minecraft:granite":5,"mekanism:purification_chamber":4,"allthecompressed:sand_1x":180,"minecraft:cobbled_deepslate":2,"minecraft:barrel":11,"minecraft:fire":7,"pipez:fluid_pipe":23,"chipped:cut_cobblestone_column":31,"alltheores:nickel_ore":75,"minecraft:brown_mushroom":1,"mekanism:enrichment_chamber":4,"exmachinis:flux_hammer":6,"ironfurnaces:iron_furnace":2,"minecraft:torch":4,"sophisticatedstorage:diamond_chest":3,"minecraft:sugar_cane":6,"exdeorum:dust":3,"alltheores:tin_ore":74,"minecraft:grass":60,"exdeorum:oak_barrel":3,"allthecompressed:cobblestone_1x":816,"minecraft:red_mushroom_block":45,"alltheores:osmium_ore":69,"chipped:polished_cobblestone":5,"minecraft:end_stone":33,"functionalstorage:oak_1":9,"minecraft:red_mushroom":1,"minecraft:andesite":7,"alltheores:lead_ore":64,"mekanism:superheating_element":3,"mekanismgenerators:gas_burning_generator":5,"alltheores:silver_ore":74,"alltheores:aluminum_ore":64,"minecraft:oak_slab":1,"mekanism:crusher":8,"exdeorum:infested_leaves":449,"mekanism:basic_energy_cube":1,"minecraft:dandelion":12,"exmachinis:flux_sieve":9,"minecraft:campfire":1,"minecraft:tall_grass":9,"minecraft:copper_ore":70,"minecraft:diorite":6,"mekanism:pressurized_reaction_chamber":3,"minecraft:gravel":131,"minecraft:gold_ore":57,"mekanism:advanced_universal_cable":4,"minecraft:grass_block":29,"pipez:gas_pipe":7,"thermal:device_rock_gen":1,"cobblefordays:tier_1":4,"ironfurnaces:gold_furnace":2,"minecraft:iron_ore":186,"minecraft:azure_bluet":1,"supplementaries:stick":3,"minecraft:iron_bars":1,"exdeorum:oak_sieve":11,"minecraft:blackstone":6,"minecraft:clay":4,"minecraft:chest":10,"minecraft:mushroom_stem":4,"minecraft:cobblestone":732,"ironfurnaces:emerald_furnace":2,"rftoolsutility:crafter3":10,"minecraft:oak_planks":10,"cobblefordays:tier_2":3,"exdeorum:stone_barrel":9,"minecraft:oak_log":84,"minecraft:beetroots":1,"minecraft:sand":111,"minecraft:dirt":34,"mekanism:basic_universal_cable":8,"ironfurnaces:heater":2,"minecraft:oak_leaves":429,"trashcans:item_trash_can":4,"alltheores:zinc_ore":61,"mekanism:basic_mechanical_pipe":1,"exdeorum:compressed_crushed_netherrack":4,"minecraft:furnace":1,"rftoolspower:coalgenerator":3,"functionalstorage:simple_compacting_drawer":2,"minecraft:stone":7,"exdeorum:porcelain_crucible":1,"utilitarian:snad":4,"minecraft:basalt":8,"pipez:item_pipe":37,"allthecompressed:gravel_1x":226,"sophisticatedstorage:copper_chest":1,"mekanism:metallurgic_infuser":3,"chipped:bordered_cobblestone":33,"allthecompressed:netherrack_1x":4,"itemcollectors:basic_collector":10,"minecraft:cactus":3,"cookingforblockheads:sink":6,"minecraft:polished_andesite":21},"minecraft:crafted":{"pipez:wrench":1,"ironfurnaces:item_heater":2,"minecraft:smooth_stone":0,"alltheores:constantan_ingot":0,"mekanism:electrolytic_separator":1,"pipez:item_pipe":17,"ironfurnaces:iron_furnace":1,"alltheores:silver_ore":85,"mekanismgenerators:heat_generator":1,"ironfurnaces:diamond_furnace":2,"minecraft:iron_bars":17,"minecraft:granite":5,"minecraft:glass":19,"alltheores:osmium_dust":94,"allthecompressed:sand_1x":179,"alltheores:raw_osmium_block":4,"mekanism:energy_tablet":4,"ironfurnaces:heater":1,"minecraft:emerald":1,"exdeorum:oak_barrel":7,"minecraft:diamond_axe":1,"minecraft:gravel":1,"minecraft:moss_block":1,"ironfurnaces:augment_blasting":1,"minecraft:copper_ingot":18,"minecraft:campfire":1,"thermal:redstone_servo":1,"exdeorum:flint_mesh":10,"minecraft:stone_slab":1,"projecte:medium_covalence_dust":1,"minecraft:iron_block":18,"exdeorum:compressed_diamond_hammer":1,"minecraft:gold_ingot":0,"mekanism:upgrade_gas":8,"farmingforblockheads:market":1,"minecraft:composter":1,"alltheores:constantan_gear":1,"mekanism:advanced_universal_cable":11,"minecraft:cobbled_deepslate":2,"mekanism:basic_chemical_tank":4,"exmachinis:gold_upgrade":17,"minecraft:bone_meal":10,"allthecompressed:gravel_1x":225,"sophisticatedstorage:copper_chest":2,"alltheores:copper_ore_hammer":6,"ironfurnaces:emerald_furnace":2,"minecraft:basalt":5,"minecraft:terracotta":0,"minecraft:diamond":2,"alltheores:tin_ore":90,"sophisticatedstorage:upgrade_base":4,"utilitarian:snad":5,"minecraft:stone_pickaxe":1,"minecraft:diamond_boots":2,"alltheores:constantan_dust":2,"alltheores:steel_ingot":1,"minecraft:redstone_block":1,"exdeorum:iron_mesh":9,"dankstorage:dank_1":4,"alltheores:nickel_dust":3,"constructionwand:diamond_wand":1,"exdeorum:golden_mesh":9,"alltheores:osmium_ingot":0,"exdeorum:diamond_hammer":14,"mekanism:dynamic_tank":4,"alltheores:invar_ingot":0,"allthecompressed:netherrack_1x":4,"itemcollectors:basic_collector":2,"exdeorum:compressed_stone_hammer":9,"projecte:low_covalence_dust":1,"cobblefordays:tier_3":1,"cobblefordays:tier_5":1,"exdeorum:crook":8,"minecraft:cobblestone":259,"minecraft:gunpowder":21,"minecraft:flint":4,"minecraft:blackstone":5,"mekanism:basic_mechanical_pipe":1,"minecraft:white_bed":1,"thermal:device_rock_gen":1,"minecraft:brick":1,"minecraft:oak_planks":137,"minecraft:barrel":6,"sophisticatedstorage:gold_chest":6,"alltheores:copper_dust":23,"mekanismgenerators:gas_burning_generator":6,"mekanism:electrolytic_core":7,"alltheores:iron_ore_hammer":3,"minecraft:sand":1,"minecraft:stone":12,"projecte:high_covalence_dust":1,"exdeorum:unfired_porcelain_crucible":1,"pipez:fluid_pipe":33,"alltheores:osmium_ore":69,"minecraft:green_dye":0,"mekanism:basic_tier_installer":3,"minecraft:hopper":6,"alltheores:aluminum_ore":76,"alltheores:nickel_ore":87,"silentgear:rough_rod":7,"exmachinis:diamond_upgrade":6,"minecraft:comparator":3,"minecraft:cyan_terracotta":12,"rftoolsutility:crafter1":2,"minecraft:chest":15,"minecraft:copper_block":12,"mekanism:basic_fluid_tank":1,"minecraft:stone_hoe":1,"minecraft:ender_eye":6,"alltheores:steel_dust":134,"exdeorum:stone_hammer":93,"exdeorum:porcelain_crucible":1,"chipped:mason_table":1,"exdeorum:compressed_crushed_netherrack":4,"minecraft:raw_iron_block":8,"cobblefordays:tier_2":2,"minecraft:dropper":4,"sophisticatedstorage:diamond_chest":6,"rftoolspower:coalgenerator":1,"minecraft:oak_slab":13,"minecraft:crafting_table":14,"minecraft:gold_ore":68,"pipez:gas_pipe":16,"minecraft:red_wool":1,"minecraft:gold_block":1,"mekanism:purification_chamber":1,"minecraft:diorite":5,"cobblefordays:tier_1":1,"alltheores:lead_ore":86,"rftoolsutility:crafter2":2,"minecraft:paper":1,"minecraft:charcoal":1,"mekanism:steel_casing":23,"minecraft:stick":77,"rftoolsutility:crafter3":2,"mekanism:crusher":2,"minecraft:iron_ingot":33,"minecraft:iron_ore":176,"exdeorum:oak_sieve":12,"minecraft:redstone_torch":27,"minecraft:polished_andesite":5,"exmachinis:flux_sieve":2,"mekanism:basic_universal_cable":34,"minecraft:redstone":1,"functionalstorage:simple_compacting_drawer":1,"ironfurnaces:gold_furnace":2,"mekanismgenerators:wind_generator":1,"rftoolsbase:machine_frame":3,"mekanism:pressurized_reaction_chamber":2,"sophisticatedstorage:iron_chest":6,"mekanism:energized_smelter":1,"minecraft:furnace":7,"alltheores:invar_dust":4,"alltheores:gold_dust":150,"minecraft:blast_furnace":1,"minecraft:piston":2,"exdeorum:diamond_mesh":9,"mekanism:basic_smelting_factory":1,"minecraft:raw_copper_block":24,"minecraft:glass_pane":2,"minecraft:diamond_block":2,"exdeorum:string_mesh":15,"trashcans:item_trash_can":1,"functionalstorage:oak_1":4,"pickletweaks:emerald_pickaxe":1,"minecraft:red_dye":1,"exdeorum:stone_barrel":6,"minecraft:bone_block":1,"minecraft:cyan_dye":3,"mekanism:metallurgic_infuser":1,"alltheores:zinc_ore":74,"alltheores:nickel_ingot":0,"mekanism:superheating_element":2,"minecraft:copper_ore":99,"minecraft:bucket":7,"minecraft:air":4836,"mekanism:upgrade_speed":64,"minecraft:blue_dye":16,"exdeorum:porcelain_clay_ball":12,"sophisticatedstorage:chest":6,"minecraft:white_wool":8,"mekanism:basic_energy_cube":1,"minecraft:gold_nugget":18,"mekanism:enrichment_chamber":5,"mekanism:upgrade_energy":64,"mekanism:advanced_control_circuit":2,"alltheores:iron_dust":229,"exmachinis:flux_hammer":4,"minecraft:andesite":32,"cookingforblockheads:sink":2,"minecraft:lapis_lazuli":27,"minecraft:lapis_block":3,"cobblefordays:tier_4":1},"minecraft:killed_by":{"minecraft:zombie":1,"minecraft:stray":2,"minecraft:creeper":1},"minecraft:custom":{"minecraft:interact_with_crafting_table":456,"minecraft:open_barrel":245,"minecraft:leave_game":13,"minecraft:time_since_death":70957,"minecraft:play_time":1028459,"minecraft:deaths":8,"minecraft:jump":4774,"minecraft:interact_with_furnace":411,"minecraft:traded_with_villager":7,"minecraft:sleep_in_bed":21,"minecraft:damage_dealt":5808,"tombstone:undead_killed":3,"minecraft:sneak_time":40308,"minecraft:total_world_time":1028459,"minecraft:time_since_rest":35502,"minecraft:use_wand":1417,"minecraft:swim_one_cm":4853,"minecraft:fly_one_cm":572558,"minecraft:open_chest":1126,"minecraft:fall_one_cm":382823,"minecraft:sprint_one_cm":670444,"minecraft:drop":561,"minecraft:talked_to_villager":26,"minecraft:walk_on_water_one_cm":16666,"minecraft:crouch_one_cm":135461,"tombstone:villager_killed":1,"minecraft:mob_kills":24,"minecraft:damage_dealt_resisted":0,"minecraft:walk_one_cm":1191791,"minecraft:walk_under_water_one_cm":17572,"minecraft:damage_taken":12818},"minecraft:broken":{"minecraft:leather_chestplate":1,"exdeorum:crook":4}},"DataVersion":3465}