{"stats":{"minecraft:killed":{"minecraft:trader_llama":3,"minecraft:zombie":1,"minecraft:wandering_trader":1},"minecraft:picked_up":{"exdeorum:mycelium_spores":5,"exdeorum:dust":1505,"minecraft:lead":3,"exdeorum:iron_ore_chunk":687,"exdeorum:grass_seeds":8,"minecraft:string":168,"minecraft:raw_copper":241,"minecraft:beetroot":1,"minecraft:cobbled_deepslate":1,"minecraft:bucket":1,"thermal:spinach_seeds":1,"xycraft_world:xychorium_gem_green":84,"minecraft:furnace":1,"minecraft:stick":44,"thermal:sadiroot_seeds":1,"minecraft:torch":7,"mysticalagriculture:prosperity_shard":3,"minecraft:pointed_dripstone":114,"minecraft:diorite":6,"thermal:corn_seeds":1,"exdeorum:tin_ore_chunk":429,"thermal:radish_seeds":1,"minecraft:obsidian":1,"minecraft:blaze_powder":86,"minecraft:cobblestone":306,"exdeorum:osmium_ore_chunk":277,"occultism:datura_seeds":1,"minecraft:leather_chestplate":1,"exdeorum:basalt_pebble":215,"minecraft:andesite":5,"enderio:grains_of_infinity":164,"minecraft:potato":13,"minecraft:flint":608,"minecraft:lapis_lazuli":438,"exdeorum:nickel_ore_chunk":358,"minecraft:dirt":60,"alltheores:raw_tin":74,"minecraft:wheat_seeds":2,"minecraft:raw_gold":75,"mysticalagriculture:soulium_dust":1,"minecraft:glowstone_dust":177,"minecraft:bamboo":5,"minecraft:oak_planks":3,"ironfurnaces:iron_furnace":2,"minecraft:ghast_tear":1,"mekanism:metallurgic_infuser":2,"xycraft_world:xychorium_gem_red":74,"alltheores:raw_lead":64,"exdeorum:flint_mesh":14,"minecraft:sand":1668,"xycraft_world:xychorium_gem_dark":76,"mekanism:basic_mechanical_pipe":3,"alltheores:raw_nickel":75,"minecraft:polished_andesite":15,"xycraft_world:xychorium_gem_light":87,"thermal:device_rock_gen":1,"exdeorum:diamond_mesh":3,"minecraft:clay":20,"minecraft:diamond":140,"cobblefordays:tier_2":1,"alltheores:raw_aluminum":64,"thermal:eggplant_seeds":2,"minecraft:bone_meal":153,"exdeorum:copper_ore_chunk":415,"minecraft:emerald":123,"mekanism:superheating_element":2,"minecraft:oak_sapling":79,"chipped:bordered_cobblestone":25,"exdeorum:gold_ore_chunk":325,"minecraft:charcoal":2,"minecraft:azure_bluet":1,"minecraft:clay_ball":16,"minecraft:brown_mushroom":1,"exdeorum:oak_barrel":3,"exdeorum:blackstone_pebble":201,"exdeorum:string_mesh":10,"exdeorum:granite_pebble":200,"minecraft:wooden_sword":1,"exdeorum:golden_mesh":17,"minecraft:blackstone":6,"exdeorum:iron_mesh":10,"exdeorum:zinc_ore_chunk":299,"minecraft:iron_nugget":11,"allthecompressed:cobblestone_1x":2,"minecraft:sugar_cane":1,"minecraft:raw_iron":150,"alltheores:raw_zinc":61,"exdeorum:porcelain_crucible":1,"minecraft:carrot":19,"mekanism:basic_energy_cube":1,"minecraft:redstone":178,"exmachinis:flux_sieve":1,"mekanism:crusher":2,"exdeorum:silk_worm":12,"xycraft_world:xychorium_gem_blue":90,"minecraft:beetroot_seeds":3,"ae2:certus_quartz_dust":139,"exdeorum:diorite_pebble":201,"ironfurnaces:gold_furnace":2,"exdeorum:andesite_pebble":219,"alltheores:iron_dust":3,"alltheores:raw_osmium":57,"chipped:cut_cobblestone_column":1,"minecraft:basalt":3,"minecraft:leather":2,"mekanismgenerators:gas_burning_generator":1,"minecraft:red_mushroom":15,"forcecraft:force_gem":182,"minecraft:oak_log":169,"minecraft:gunpowder":219,"mekanism:salt":202,"ae2:sky_dust":147,"minecraft:apple":8,"exdeorum:oak_sieve":11,"exdeorum:stone_pebble":1562,"minecraft:iron_ingot":3,"minecraft:soul_sand":6,"rftoolsutility:crafter3":1,"functionalstorage:simple_compacting_drawer":1,"chipped:polished_cobblestone":1,"minecraft:oak_slab":1,"exdeorum:deepslate_pebble":304,"exdeorum:lead_ore_chunk":351,"minecraft:quartz":2,"minecraft:dandelion":12,"minecraft:gravel":6381,"minecraft:amethyst_shard":220,"exdeorum:silver_ore_chunk":348,"forbidden_arcanus:arcane_crystal":69,"cookingforblockheads:sink":1,"exdeorum:aluminum_ore_chunk":314,"immersiveengineering:seed":2,"alltheores:raw_silver":74,"thermal:amaranth_seeds":1,"minecraft:melon_seeds":2,"minecraft:coal":633},"minecraft:custom":{"minecraft:interact_with_crafting_table":256,"minecraft:open_barrel":83,"minecraft:leave_game":12,"minecraft:time_since_death":344560,"minecraft:sprint_one_cm":193174,"minecraft:drop":377,"minecraft:talked_to_villager":16,"minecraft:play_time":568151,"minecraft:deaths":1,"minecraft:jump":1854,"minecraft:walk_on_water_one_cm":11158,"minecraft:interact_with_furnace":219,"minecraft:traded_with_villager":6,"minecraft:sleep_in_bed":8,"minecraft:damage_dealt":1375,"tombstone:undead_killed":1,"minecraft:crouch_one_cm":95472,"tombstone:villager_killed":1,"minecraft:mob_kills":5,"minecraft:damage_dealt_resisted":0,"minecraft:walk_one_cm":607042,"minecraft:sneak_time":27153,"minecraft:walk_under_water_one_cm":7110,"minecraft:total_world_time":568151,"minecraft:time_since_rest":68283,"minecraft:damage_taken":1010,"minecraft:use_wand":1340,"minecraft:swim_one_cm":420,"minecraft:fly_one_cm":147259,"minecraft:open_chest":424,"minecraft:fall_one_cm":158968},"minecraft:used":{"mekanism:basic_fluid_tank":1,"rftoolspower:coalgenerator":1,"minecraft:chest":6,"minecraft:iron_sword":8,"allthecompressed:cobblestone_1x":660,"pickletweaks:emerald_pickaxe":924,"minecraft:soul_sand":6,"mekanism:basic_mechanical_pipe":3,"mekanism:basic_universal_cable":3,"mekanism:basic_energy_cube":2,"alltheores:lead_ore":64,"minecraft:lava_bucket":17,"mekanismgenerators:wind_generator":1,"minecraft:copper_ore":70,"ironfurnaces:iron_furnace":1,"pipez:item_pipe":1,"minecraft:oak_sapling":27,"minecraft:furnace":2,"minecraft:beetroot_seeds":1,"mekanismgenerators:gas_burning_generator":2,"minecraft:diorite":6,"minecraft:stone_pickaxe":76,"minecraft:oak_planks":4,"minecraft:blackstone":6,"minecraft:leather_chestplate":1,"minecraft:clay":4,"minecraft:diamond_axe":146,"rftoolsutility:crafter3":3,"minecraft:sand":109,"alltheores:nickel_ore":75,"mekanism:superheating_element":4,"chipped:cut_cobblestone_column":225,"exdeorum:oak_barrel":10,"mekanism:crusher":3,"mekanism:metallurgic_infuser":3,"ironfurnaces:heater":1,"minecraft:gravel":4835,"exmachinis:flux_hammer":1,"alltheores:aluminum_ore":64,"minecraft:wooden_sword":8,"minecraft:andesite":7,"exdeorum:compressed_stone_hammer":990,"exmachinis:flux_sieve":2,"minecraft:bone_meal":5,"exdeorum:mycelium_spores":1,"cookingforblockheads:sink":2,"ironfurnaces:gold_furnace":2,"mekanism:enrichment_chamber":1,"chipped:bordered_cobblestone":57,"farmingforblockheads:market":1,"exdeorum:crook":814,"thermal:device_rock_gen":2,"minecraft:stone_hoe":1,"minecraft:netherrack":1,"minecraft:stick":3,"minecraft:torch":6,"exdeorum:witch_water_bucket":1,"minecraft:dirt":127,"cobblefordays:tier_2":2,"alltheores:silver_ore":74,"alltheores:osmium_ore":57,"exdeorum:silk_worm":9,"minecraft:granite":5,"functionalstorage:simple_compacting_drawer":2,"minecraft:wooden_axe":80,"minecraft:barrel":2,"exdeorum:porcelain_crucible":2,"alltheores:tin_ore":74,"minecraft:basalt":8,"cobblefordays:tier_1":1,"exdeorum:stone_hammer":811,"constructionwand:diamond_wand":127,"tombstone:gift":2,"mekanism:electrolytic_separator":1,"minecraft:cooked_beef":15,"minecraft:cobbled_deepslate":2,"exdeorum:oak_sieve":21,"pipez:fluid_pipe":1,"minecraft:water_bucket":35,"minecraft:iron_ore":150,"minecraft:polished_andesite":21,"minecraft:gold_ore":57,"minecraft:oak_slab":1,"chipped:mason_table":1,"minecraft:crafting_table":1,"minecraft:campfire":1,"minecraft:white_bed":1,"occultism:datura":1,"exdeorum:dust":1522,"allthecompressed:sand_1x":155,"allthecompressed:gravel_1x":172,"alltheores:zinc_ore":61,"minecraft:cobblestone":604,"ironfurnaces:emerald_furnace":2,"minecraft:bucket":76,"chipped:polished_cobblestone":17},"minecraft:broken":{"exdeorum:crook":4},"minecraft:mined":{"minecraft:obsidian":1,"minecraft:granite":5,"minecraft:grass_block":29,"thermal:device_rock_gen":1,"allthecompressed:sand_1x":155,"ironfurnaces:gold_furnace":2,"minecraft:iron_ore":150,"minecraft:cobbled_deepslate":2,"minecraft:fire":6,"chipped:cut_cobblestone_column":1,"minecraft:azure_bluet":1,"supplementaries:stick":3,"exdeorum:oak_sieve":11,"alltheores:nickel_ore":75,"minecraft:brown_mushroom":1,"minecraft:blackstone":6,"ironfurnaces:iron_furnace":2,"minecraft:clay":4,"minecraft:torch":4,"minecraft:mushroom_stem":4,"minecraft:cobblestone":730,"rftoolsutility:crafter3":1,"minecraft:oak_planks":2,"cobblefordays:tier_2":1,"exdeorum:dust":3,"alltheores:tin_ore":74,"minecraft:grass":60,"minecraft:oak_log":78,"exdeorum:oak_barrel":3,"minecraft:beetroots":1,"minecraft:sand":109,"minecraft:dirt":34,"allthecompressed:cobblestone_1x":660,"minecraft:red_mushroom_block":45,"minecraft:oak_leaves":429,"alltheores:zinc_ore":61,"alltheores:osmium_ore":57,"mekanism:basic_mechanical_pipe":1,"chipped:polished_cobblestone":2,"minecraft:red_mushroom":1,"minecraft:furnace":1,"minecraft:andesite":7,"functionalstorage:simple_compacting_drawer":1,"alltheores:lead_ore":64,"mekanism:superheating_element":3,"mekanismgenerators:gas_burning_generator":1,"alltheores:silver_ore":74,"alltheores:aluminum_ore":64,"exdeorum:porcelain_crucible":1,"minecraft:oak_slab":1,"mekanism:crusher":2,"exdeorum:infested_leaves":449,"mekanism:basic_energy_cube":1,"minecraft:basalt":8,"minecraft:dandelion":12,"exmachinis:flux_sieve":1,"allthecompressed:gravel_1x":172,"minecraft:campfire":1,"minecraft:tall_grass":9,"minecraft:copper_ore":70,"mekanism:metallurgic_infuser":2,"minecraft:diorite":6,"chipped:bordered_cobblestone":26,"cookingforblockheads:sink":1,"minecraft:gravel":127,"minecraft:polished_andesite":21,"minecraft:gold_ore":57},"minecraft:crafted":{"minecraft:brick":1,"pipez:wrench":1,"ironfurnaces:item_heater":1,"minecraft:oak_planks":109,"minecraft:barrel":5,"alltheores:constantan_ingot":0,"mekanism:electrolytic_separator":1,"alltheores:copper_dust":23,"mekanism:electrolytic_core":2,"mekanismgenerators:gas_burning_generator":1,"pipez:item_pipe":16,"minecraft:sand":1,"ironfurnaces:iron_furnace":1,"alltheores:silver_ore":74,"minecraft:stone":9,"projecte:high_covalence_dust":1,"exdeorum:unfired_porcelain_crucible":1,"mekanismgenerators:heat_generator":1,"ironfurnaces:diamond_furnace":2,"pipez:fluid_pipe":16,"alltheores:osmium_ore":57,"minecraft:iron_bars":16,"minecraft:granite":5,"minecraft:glass":15,"minecraft:hopper":2,"alltheores:osmium_dust":24,"alltheores:aluminum_ore":64,"alltheores:nickel_ore":75,"silentgear:rough_rod":7,"minecraft:comparator":2,"rftoolsutility:crafter1":2,"allthecompressed:sand_1x":154,"minecraft:chest":11,"alltheores:raw_osmium_block":4,"minecraft:copper_block":10,"mekanism:basic_fluid_tank":1,"minecraft:stone_hoe":1,"minecraft:ender_eye":6,"alltheores:steel_dust":42,"exdeorum:stone_hammer":93,"mekanism:energy_tablet":4,"exdeorum:porcelain_crucible":1,"chipped:mason_table":1,"minecraft:raw_iron_block":8,"cobblefordays:tier_2":1,"minecraft:dropper":2,"rftoolspower:coalgenerator":1,"minecraft:oak_slab":12,"ironfurnaces:heater":1,"minecraft:emerald":1,"exdeorum:oak_barrel":7,"minecraft:diamond_axe":1,"minecraft:crafting_table":14,"minecraft:gold_ore":57,"minecraft:gravel":1,"minecraft:red_wool":1,"minecraft:moss_block":1,"minecraft:copper_ingot":18,"minecraft:gold_block":1,"mekanism:purification_chamber":1,"minecraft:campfire":1,"minecraft:diorite":5,"cobblefordays:tier_1":1,"alltheores:lead_ore":72,"rftoolsutility:crafter2":2,"thermal:redstone_servo":1,"minecraft:charcoal":1,"mekanism:steel_casing":10,"rftoolsutility:crafter3":2,"exdeorum:flint_mesh":9,"minecraft:stick":76,"mekanism:crusher":1,"minecraft:iron_ingot":33,"projecte:medium_covalence_dust":1,"minecraft:iron_block":4,"exdeorum:oak_sieve":11,"minecraft:iron_ore":170,"minecraft:gold_ingot":0,"minecraft:redstone_torch":20,"farmingforblockheads:market":1,"minecraft:composter":1,"alltheores:constantan_gear":1,"minecraft:polished_andesite":5,"exmachinis:flux_sieve":1,"minecraft:redstone":1,"mekanism:basic_universal_cable":1,"functionalstorage:simple_compacting_drawer":1,"mekanismgenerators:wind_generator":1,"rftoolsbase:machine_frame":3,"ironfurnaces:gold_furnace":2,"mekanism:pressurized_reaction_chamber":1,"minecraft:cobbled_deepslate":2,"mekanism:basic_chemical_tank":2,"minecraft:furnace":6,"alltheores:invar_dust":4,"alltheores:gold_dust":59,"minecraft:piston":2,"exdeorum:diamond_mesh":9,"minecraft:bone_meal":10,"minecraft:raw_copper_block":24,"minecraft:diamond_block":2,"minecraft:glass_pane":1,"allthecompressed:gravel_1x":171,"alltheores:copper_ore_hammer":5,"ironfurnaces:emerald_furnace":2,"minecraft:basalt":5,"minecraft:terracotta":0,"minecraft:diamond":2,"alltheores:tin_ore":74,"exdeorum:string_mesh":12,"minecraft:stone_pickaxe":1,"alltheores:constantan_dust":2,"minecraft:redstone_block":1,"alltheores:steel_ingot":1,"exdeorum:iron_mesh":9,"functionalstorage:oak_1":4,"dankstorage:dank_1":4,"alltheores:nickel_dust":3,"minecraft:red_dye":1,"pickletweaks:emerald_pickaxe":1,"exdeorum:golden_mesh":9,"constructionwand:diamond_wand":1,"minecraft:bone_block":1,"alltheores:osmium_ingot":0,"exdeorum:diamond_hammer":1,"mekanism:metallurgic_infuser":1,"alltheores:nickel_ingot":0,"alltheores:zinc_ore":61,"mekanism:dynamic_tank":4,"alltheores:invar_ingot":0,"mekanism:superheating_element":2,"minecraft:copper_ore":91,"exdeorum:compressed_stone_hammer":9,"minecraft:bucket":2,"projecte:low_covalence_dust":1,"minecraft:air":3738,"exdeorum:crook":8,"minecraft:blue_dye":13,"exdeorum:porcelain_clay_ball":12,"minecraft:white_wool":8,"minecraft:cobblestone":258,"mekanism:basic_energy_cube":1,"minecraft:gold_nugget":18,"mekanism:enrichment_chamber":3,"minecraft:gunpowder":21,"minecraft:flint":4,"minecraft:blackstone":5,"mekanism:advanced_control_circuit":2,"mekanism:basic_mechanical_pipe":1,"alltheores:iron_dust":113,"minecraft:white_bed":1,"exmachinis:flux_hammer":1,"minecraft:andesite":32,"thermal:device_rock_gen":1,"cookingforblockheads:sink":1,"minecraft:lapis_lazuli":27,"minecraft:lapis_block":3},"minecraft:dropped":{"exdeorum:basalt_pebble":195,"minecraft:brown_mushroom":1,"xycraft_world:xychorium_gem_dark":75,"minecraft:lapis_lazuli":1,"minecraft:oak_log":8,"alltheores:raw_nickel":1,"minecraft:diamond":1,"exdeorum:copper_ore_chunk":3,"exdeorum:zinc_ore_chunk":2,"thermal:corn_seeds":1,"minecraft:red_mushroom":1,"minecraft:flint":475,"exdeorum:gold_ore_chunk":3,"exdeorum:compressed_stone_hammer":7,"minecraft:amethyst_shard":2,"minecraft:wooden_sword":2,"exdeorum:crook":2,"exdeorum:granite_pebble":180,"minecraft:bone_meal":6,"minecraft:sand":44,"exdeorum:lead_ore_chunk":4,"enderio:grains_of_infinity":15,"xycraft_world:xychorium_gem_light":87,"minecraft:gravel":17,"thermal:spinach_seeds":1,"minecraft:sugar_cane":1,"minecraft:blackstone":5,"exdeorum:string_mesh":2,"minecraft:cobbled_deepslate":1,"xycraft_world:xychorium_gem_blue":87,"minecraft:pointed_dripstone":7,"minecraft:oak_planks":4,"minecraft:glowstone_dust":1,"minecraft:blaze_powder":1,"exdeorum:silver_ore_chunk":1,"minecraft:azure_bluet":1,"thermal:eggplant_seeds":2,"minecraft:carrot":19,"ae2:sky_dust":5,"minecraft:gunpowder":2,"minecraft:charcoal":2,"minecraft:beetroot_seeds":1,"minecraft:melon_seeds":2,"forbidden_arcanus:arcane_crystal":48,"immersiveengineering:seed":2,"minecraft:ghast_tear":1,"minecraft:netherrack":6,"minecraft:oak_slab":5,"chipped:polished_cobblestone":1,"xycraft_world:xychorium_gem_green":84,"minecraft:wheat_seeds":2,"exdeorum:deepslate_pebble":292,"allthecompressed:cobblestone_1x":133,"exdeorum:mycelium_spores":4,"minecraft:lead":3,"minecraft:cobblestone":683,"minecraft:apple":2,"minecraft:copper_ingot":1,"mysticalagriculture:soulium_dust":1,"exdeorum:iron_ore_chunk":7,"exdeorum:osmium_ore_chunk":1,"minecraft:coal":74,"minecraft:polished_andesite":14,"minecraft:stick":14,"chipped:cut_cobblestone_column":1,"exdeorum:grass_seeds":4,"mysticalagriculture:prosperity_shard":3,"thermal:radish_seeds":1,"exdeorum:stone_pebble":528,"minecraft:bucket":1,"minecraft:dandelion":3,"minecraft:redstone":2,"minecraft:furnace":1,"thermal:amaranth_seeds":1,"minecraft:raw_copper":4,"minecraft:raw_iron":4,"minecraft:composter":1,"chipped:bordered_cobblestone":174,"minecraft:copper_ore":3,"thermal:sadiroot_seeds":1,"xycraft_world:xychorium_gem_red":74,"minecraft:potato":12,"exdeorum:nickel_ore_chunk":10,"minecraft:stone":4,"exdeorum:tin_ore_chunk":4,"exdeorum:aluminum_ore_chunk":7,"minecraft:andesite":4,"ae2:certus_quartz_dust":68,"exdeorum:diorite_pebble":181,"minecraft:bamboo":5,"exdeorum:andesite_pebble":91,"exdeorum:blackstone_pebble":181,"minecraft:stone_pickaxe":1,"exdeorum:stone_hammer":9}},"DataVersion":3465}