{"stats":{"minecraft:broken":{"constructionwand:diamond_wand":3,"minecraft:leather_chestplate":1,"exdeorum:crook":4},"minecraft:picked_up":{"exdeorum:dust":1730,"minecraft:lead":14,"exdeorum:iron_ore_chunk":791,"xycraft_world:xychorium_storage_green":5,"exdeorum:grass_seeds":8,"minecraft:string":178,"thermal:barley_seeds":1,"minecraft:beetroot":66,"mysticalagriculture:inferium_essence":24,"minecraft:cobbled_deepslate":1,"mekanism:basic_universal_cable":22,"chipped:overlapping_cobblestone_tiles":39,"occultism:otherstone":76,"thermal:sadiroot_seeds":3,"mysticalagriculture:prosperity_shard":7,"thermal:radish_seeds":1,"supplementaries:ash":7,"ars_nouveau:sourceberry_bush":1,"chipped:bordered_netherrack":47,"minecraft:iron_bars":1,"minecraft:feather":2,"enderio:grains_of_infinity":187,"minecraft:flint":673,"trashcans:item_trash_can":4,"exdeorum:nickel_ore_chunk":408,"ironfurnaces:item_heater":1,"occultism:awakened_feather":2,"pipez:fluid_pipe":25,"mysticalagriculture:soulium_dust":2,"minecraft:glowstone_dust":198,"mekanism:metallurgic_infuser":5,"xycraft_world:xychorium_gem_red":91,"exmachinis:flux_hammer":8,"exdeorum:flint_mesh":14,"thermal:onion_seeds":2,"minecraft:barrel":10,"xycraft_world:xychorium_gem_dark":89,"alltheores:osmium_ore":12,"minecraft:bundle":1,"mekanism:basic_mechanical_pipe":3,"minecraft:polished_andesite":15,"thermal:device_rock_gen":2,"exdeorum:diamond_mesh":7,"ironfurnaces:heater":2,"minecraft:deepslate":2,"thermal:eggplant_seeds":2,"exdeorum:copper_ore_chunk":525,"chipped:bordered_cobblestone":51,"framedblocks:framed_stairs":80,"exdeorum:gold_ore_chunk":370,"alltheores:steel_ingot":6,"minecraft:crafting_table":1,"occultism:chalk_white":1,"minecraft:nether_wart":1,"minecraft:clay_ball":16,"minecraft:cornflower":18,"exdeorum:granite_pebble":215,"mekanism:pressurized_reaction_chamber":4,"occultism:otherworld_log":12,"minecraft:glass_pane":12,"occultism:otherworld_sapling_natural":20,"exdeorum:iron_mesh":10,"minecraft:beef":3,"exdeorum:zinc_ore_chunk":348,"minecraft:iron_nugget":11,"allthecompressed:cobblestone_1x":14,"minecraft:chest":11,"minecraft:birch_sapling":16,"minecraft:egg":2,"chipped:mason_table":1,"minecraft:copper_ore":8,"framedblocks:framed_divided_stairs":4,"alltheores:raw_zinc":61,"pipez:item_pipe":42,"mekanism:elite_universal_cable":4,"minecraft:carrot":51,"minecraft:redstone":195,"exmachinis:flux_sieve":11,"mekanism:crusher":9,"exdeorum:silk_worm":12,"minecraft:beetroot_seeds":5,"ironfurnaces:gold_furnace":2,"exmachinis:gold_upgrade":2,"minecraft:hay_block":16,"exdeorum:andesite_pebble":224,"alltheores:iron_dust":67,"minecraft:gold_ingot":10,"alltheores:raw_osmium":69,"minecraft:white_wool":6,"rftoolspower:coalgenerator":3,"mekanismgenerators:gas_burning_generator":7,"minecraft:red_mushroom":16,"forcecraft:force_gem":211,"minecraft:oak_log":423,"pickletweaks:flint_shears":1,"minecraft:apple":45,"exdeorum:stone_pebble":1615,"rftoolsutility:crafter3":10,"exdeorum:deepslate_pebble":313,"exdeorum:lead_ore_chunk":412,"minecraft:gravel":7784,"minecraft:spruce_sapling":16,"alltheores:zinc_ore":15,"forcecraft:recovery_heart":3,"exdeorum:silver_ore_chunk":397,"xycraft_world:xychorium_storage_red":5,"forbidden_arcanus:arcane_crystal":83,"cookingforblockheads:sink":7,"exdeorum:aluminum_ore_chunk":366,"immersiveengineering:seed":16,"mekanism:advanced_universal_cable":21,"chipped:edged_deepslate_bricks":57,"alltheores:raw_silver":74,"framedblocks:framed_vertical_double_half_stairs":1,"thermal:amaranth_seeds":3,"minecraft:melon_seeds":8,"minecraft:ender_pearl":2,"exdeorum:mycelium_spores":5,"minecraft:wheat":6,"mekanism:electrolytic_separator":1,"tombstone:grave_key":1,"minecraft:raw_copper":241,"chipped:thick_inlayed_cobblestone":38,"alltheores:silver_ore":12,"minecraft:red_sand":36,"occultism:tallow":12,"cobblefordays:tier_1":4,"mekanism:purification_chamber":4,"minecraft:bucket":1,"minecraft:ender_eye":3,"thermal:spinach_seeds":1,"xycraft_world:xychorium_gem_green":94,"minecraft:furnace":1,"minecraft:stick":200,"apotheosis:gem":2,"minecraft:torch":12,"tombstone:grave_dust":10,"minecraft:pointed_dripstone":114,"minecraft:diorite":6,"chipped:overlapping_deepslate_tiles":31,"minecraft:cactus":80,"minecraft:rotten_flesh":22,"occultism:otherworld_ashes":12,"summoningrituals:altar":1,"thermal:corn_seeds":2,"exdeorum:tin_ore_chunk":503,"occultism:datura":34,"minecraft:chorus_flower":2,"minecraft:obsidian":15,"minecraft:blaze_powder":92,"minecraft:cobblestone":1489,"exdeorum:osmium_ore_chunk":416,"occultism:datura_seeds":88,"minecraft:leather_chestplate":1,"exdeorum:basalt_pebble":233,"exdeorum:stone_barrel":9,"minecraft:andesite":5,"minecraft:potato":168,"minecraft:lapis_lazuli":568,"minecraft:dirt":63,"occultism:spirit_attuned_gem":32,"xycraft_world:xychorium_storage_dark":5,"alltheores:raw_tin":74,"minecraft:glass":23,"minecraft:bone":2,"itemcollectors:basic_collector":9,"minecraft:wheat_seeds":30,"minecraft:raw_gold":79,"forcecraft:pile_of_gunpowder":2,"occultism:taboo_book":6,"alltheores:tin_ore":18,"minecraft:bamboo":37,"minecraft:stone_hoe":1,"minecraft:oak_planks":19,"ironfurnaces:iron_furnace":2,"minecraft:ghast_tear":1,"alltheores:raw_lead":64,"minecraft:poisonous_potato":1,"torchmaster:megatorch":2,"minecraft:sand":2159,"exdeorum:crushed_end_stone":33,"minecraft:mossy_cobblestone":32,"alltheores:raw_nickel":75,"xycraft_world:xychorium_gem_light":98,"minecraft:clay":28,"minecraft:diamond":214,"cobblefordays:tier_2":3,"alltheores:raw_aluminum":64,"minecraft:bone_meal":228,"minecraft:emerald":152,"mekanism:superheating_element":2,"minecraft:oak_sapling":183,"minecraft:netherrack":110,"minecraft:chorus_fruit":4,"minecraft:oak_leaves":42,"functionalstorage:oak_1":10,"fluxnetworks:flux_dust":256,"minecraft:charcoal":2,"minecraft:azure_bluet":1,"minecraft:chicken":1,"minecraft:brown_mushroom":10,"occultism:purified_ink":1,"chipped:massive_cobblestone_bricks":287,"exdeorum:oak_barrel":11,"exdeorum:blackstone_pebble":213,"exdeorum:string_mesh":10,"minecraft:wooden_sword":1,"exdeorum:golden_mesh":17,"minecraft:blackstone":6,"minecraft:sugar_cane":70,"minecraft:dark_oak_sapling":16,"minecraft:raw_iron":186,"minecraft:end_stone":39,"framedblocks:framed_pillar":6,"exdeorum:porcelain_crucible":1,"sophisticatedstorage:copper_chest":1,"mekanism:basic_energy_cube":2,"minecraft:arrow":4,"occultism:otherworld_leaves_natural":56,"xycraft_world:xychorium_gem_blue":107,"ae2:certus_quartz_dust":156,"exdeorum:diorite_pebble":219,"xycraft_world:xychorium_storage_light":5,"exdeorum:crushed_netherrack":36,"chipped:cut_cobblestone_column":192,"minecraft:basalt":3,"minecraft:leather":14,"minecraft:ice":2,"minecraft:gunpowder":245,"occultism:candle_white":5,"mekanism:enrichment_chamber":5,"mekanism:salt":228,"ae2:sky_dust":164,"pipez:gas_pipe":7,"exdeorum:oak_sieve":11,"minecraft:iron_ingot":3,"minecraft:acacia_sapling":8,"minecraft:soul_sand":9,"functionalstorage:simple_compacting_drawer":2,"minecraft:green_dye":17,"chipped:polished_cobblestone":4,"minecraft:oak_slab":6,"minecraft:quartz":5,"minecraft:dandelion":23,"minecraft:amethyst_shard":287,"minecraft:gold_ore":12,"minecraft:spider_eye":13,"thermal:rice_seeds":1,"ironfurnaces:augment_blasting":1,"mekanismgenerators:wind_generator":2,"minecraft:pumpkin_seeds":1,"utilitarian:snad":4,"minecraft:cherry_sapling":4,"sophisticatedstorage:diamond_chest":3,"ironfurnaces:emerald_furnace":3,"xycraft_world:xychorium_storage_blue":5,"minecraft:coal":673,"alltheores:copper_ore_hammer":1},"minecraft:crafted":{"pipez:basic_upgrade":1,"minecraft:black_dye":1,"pipez:wrench":1,"ironfurnaces:item_heater":2,"minecraft:smooth_stone":0,"gateways:gate_pearl":1,"exdeorum:iron_hammer":1,"alltheores:constantan_ingot":0,"alltheores:signalum_ingot":32,"pipez:improved_upgrade":1,"mekanism:electrolytic_separator":1,"pipez:item_pipe":18,"ironfurnaces:iron_furnace":1,"alltheores:silver_ore":85,"croptopia:toast":0,"minecraft:diamond_shovel":5,"mekanismgenerators:heat_generator":1,"ironfurnaces:diamond_furnace":2,"minecraft:iron_bars":17,"occultism:sacrificial_bowl":5,"minecraft:granite":5,"minecraft:glass":19,"thermal:upgrade_augment_2":4,"minecraft:diamond_helmet":1,"alltheores:osmium_dust":94,"minecraft:diamond_leggings":1,"occultism:brush":1,"thermal:upgrade_augment_1":8,"minecraft:beacon":1,"allthecompressed:sand_1x":179,"minecraft:stone_pressure_plate":16,"alltheores:raw_osmium_block":4,"mekanism:energy_tablet":4,"torchmaster:megatorch":3,"occultism:candle_white":8,"ironfurnaces:heater":1,"minecraft:emerald":1,"exdeorum:oak_barrel":7,"minecraft:diamond_axe":1,"minecraft:gravel":1,"minecraft:moss_block":1,"ironfurnaces:augment_blasting":1,"minecraft:copper_ingot":18,"minecraft:campfire":1,"thermal:redstone_servo":1,"exdeorum:flint_mesh":10,"minecraft:stone_slab":1,"projecte:medium_covalence_dust":1,"occultism:chalk_gold_impure":1,"xycraft_machines:port_item":3,"alltheores:electrum_dust":64,"minecraft:iron_block":38,"exdeorum:compressed_diamond_hammer":1,"minecraft:gold_ingot":4,"mekanism:upgrade_gas":8,"farmingforblockheads:market":1,"alchemistry:atomizer":1,"minecraft:composter":1,"alltheores:constantan_gear":1,"mekanism:advanced_universal_cable":11,"minecraft:packed_ice":1,"minecraft:iron_nugget":3,"minecraft:cobbled_deepslate":2,"mekanism:basic_chemical_tank":4,"exmachinis:gold_upgrade":17,"minecraft:bone_meal":10,"xycraft_machines:extractor":1,"allthecompressed:gravel_1x":225,"sophisticatedstorage:copper_chest":2,"alltheores:copper_ore_hammer":6,"ironfurnaces:emerald_furnace":2,"minecraft:basalt":5,"minecraft:terracotta":0,"minecraft:diamond":16,"alltheores:tin_ore":90,"alltheores:signalum_gear":16,"sophisticatedstorage:upgrade_base":4,"utilitarian:snad":5,"minecraft:stone_pickaxe":1,"minecraft:diamond_boots":2,"alltheores:constantan_dust":2,"alltheores:silver_dust":96,"alltheores:steel_ingot":1,"minecraft:redstone_block":5,"exdeorum:iron_mesh":9,"dankstorage:dank_1":4,"alltheores:nickel_dust":3,"constructionwand:diamond_wand":7,"exdeorum:golden_mesh":9,"summoningrituals:altar":1,"alltheores:osmium_ingot":0,"exdeorum:diamond_hammer":15,"mekanism:dynamic_tank":4,"alltheores:invar_ingot":0,"alltheores:electrum_ingot":0,"allthecompressed:netherrack_1x":4,"itemcollectors:basic_collector":2,"exdeorum:compressed_stone_hammer":9,"minecraft:red_carpet":1,"occultism:dictionary_of_spirits":1,"projecte:low_covalence_dust":1,"cobblefordays:tier_3":1,"cobblefordays:tier_5":1,"exdeorum:crook":8,"functionalstorage:diamond_upgrade":4,"minecraft:cobblestone":259,"minecraft:gunpowder":21,"minecraft:flint":4,"minecraft:blackstone":5,"mekanism:basic_mechanical_pipe":1,"minecraft:white_bed":1,"farmersdelight:diamond_knife":2,"thermal:device_rock_gen":1,"minecraft:soul_sand":1,"minecraft:brick":1,"occultism:divination_rod":1,"minecraft:oak_planks":181,"minecraft:barrel":6,"alchemistry:compactor":1,"occultism:chalk_white_impure":4,"sophisticatedstorage:gold_chest":7,"mekanismgenerators:gas_burning_generator":6,"alltheores:copper_dust":23,"mekanism:electrolytic_core":7,"alltheores:iron_ore_hammer":6,"minecraft:sand":1,"minecraft:stone":12,"exdeorum:unfired_porcelain_crucible":1,"projecte:high_covalence_dust":1,"alchemistry:dissolver":1,"pipez:fluid_pipe":33,"alltheores:osmium_ore":69,"minecraft:green_dye":0,"mekanism:basic_tier_installer":3,"minecraft:hopper":9,"alltheores:aluminum_ore":76,"alltheores:nickel_ore":87,"silentgear:rough_rod":7,"exmachinis:diamond_upgrade":6,"minecraft:comparator":3,"minecraft:cyan_terracotta":12,"rftoolsutility:crafter1":2,"occultism:book_of_binding_foliot":1,"functionalstorage:gold_upgrade":4,"minecraft:chest":25,"minecraft:oak_button":6,"minecraft:copper_block":20,"mekanism:basic_fluid_tank":1,"alltheores:gold_gear":10,"framedblocks:framing_saw":1,"occultism:golden_sacrificial_bowl":1,"minecraft:stone_hoe":1,"minecraft:ender_eye":6,"alltheores:steel_dust":134,"exdeorum:stone_hammer":93,"exdeorum:porcelain_crucible":1,"chipped:mason_table":1,"exdeorum:compressed_crushed_netherrack":4,"minecraft:raw_iron_block":8,"cobblefordays:tier_2":2,"occultism:burnt_otherstone":0,"minecraft:magma_block":13,"minecraft:dropper":6,"integrateddynamics:squeezer":1,"sophisticatedstorage:diamond_chest":7,"rftoolspower:coalgenerator":1,"minecraft:oak_slab":14,"minecraft:cauldron":3,"minecraft:crafting_table":15,"minecraft:gold_ore":68,"minecraft:baked_potato":0,"minecraft:red_wool":3,"pipez:gas_pipe":16,"minecraft:gold_block":27,"mekanism:purification_chamber":1,"minecraft:diorite":5,"cobblefordays:tier_1":1,"alltheores:lead_ore":86,"exdeorum:oak_crucible":1,"rftoolsutility:crafter2":2,"minecraft:book":4,"minecraft:paper":10,"minecraft:charcoal":1,"minecraft:diamond_pickaxe":1,"mekanism:steel_casing":23,"alchemistry:liquifier":1,"minecraft:stick":105,"rftoolsutility:crafter3":2,"mekanism:crusher":2,"minecraft:iron_ingot":39,"minecraft:iron_ore":176,"exdeorum:oak_sieve":13,"minecraft:redstone_torch":28,"occultism:butcher_knife":1,"minecraft:shears":1,"minecraft:polished_andesite":5,"exmachinis:flux_sieve":3,"pipez:advanced_upgrade":1,"minecraft:coarse_dirt":12,"minecraft:redstone":1,"mekanism:basic_universal_cable":35,"functionalstorage:simple_compacting_drawer":1,"rftoolsbase:machine_frame":3,"mekanismgenerators:wind_generator":1,"ironfurnaces:gold_furnace":2,"mekanism:pressurized_reaction_chamber":2,"alltheores:gold_dust":214,"sophisticatedstorage:iron_chest":7,"minecraft:blast_furnace":1,"minecraft:furnace":7,"alltheores:invar_dust":68,"mekanism:energized_smelter":1,"minecraft:piston":11,"exdeorum:diamond_mesh":9,"mekanism:basic_smelting_factory":1,"minecraft:raw_copper_block":24,"minecraft:flint_and_steel":1,"minecraft:diamond_block":23,"minecraft:glass_pane":4,"exdeorum:string_mesh":15,"alchemistry:combiner":1,"trashcans:item_trash_can":1,"functionalstorage:oak_1":8,"minecraft:magma_cream":52,"minecraft:red_dye":33,"occultism:spirit_attuned_crystal":2,"pickletweaks:emerald_pickaxe":1,"alltheores:signalum_dust":64,"exdeorum:stone_barrel":6,"minecraft:bone_block":1,"minecraft:diamond_sword":1,"minecraft:cyan_dye":3,"mekanism:metallurgic_infuser":1,"alltheores:zinc_ore":74,"alltheores:nickel_ingot":0,"pickletweaks:flint_shears":1,"mekanism:superheating_element":2,"minecraft:copper_ore":99,"minecraft:bucket":7,"minecraft:air":6688,"minecraft:bread":2,"mekanism:upgrade_speed":64,"minecraft:blue_dye":16,"exdeorum:porcelain_clay_ball":12,"sophisticatedstorage:chest":7,"functionalstorage:copper_upgrade":4,"minecraft:white_wool":8,"framedblocks:framed_cube":15,"mekanism:basic_energy_cube":1,"minecraft:white_dye":4,"minecraft:gold_nugget":19,"mekanism:enrichment_chamber":5,"mekanism:upgrade_energy":64,"darkutils:charm_sleep":1,"mekanism:advanced_control_circuit":2,"alltheores:iron_dust":357,"exmachinis:flux_hammer":6,"occultism:book_of_binding_bound_foliot":1,"minecraft:andesite":33,"minecraft:torch":29,"cookingforblockheads:sink":3,"minecraft:lapis_lazuli":27,"minecraft:lapis_block":3,"minecraft:diamond_chestplate":1,"cobblefordays:tier_4":1},"minecraft:custom":{"minecraft:interact_with_crafting_table":575,"minecraft:open_barrel":288,"minecraft:leave_game":20,"minecraft:time_since_death":55001,"minecraft:play_time":1575286,"minecraft:deaths":13,"minecraft:jump":9066,"minecraft:interact_with_furnace":493,"minecraft:traded_with_villager":9,"minecraft:sleep_in_bed":37,"minecraft:damage_dealt":13384,"tombstone:undead_killed":18,"minecraft:sneak_time":66751,"minecraft:total_world_time":1575286,"minecraft:time_since_rest":1,"minecraft:use_wand":9161,"minecraft:swim_one_cm":4853,"minecraft:fly_one_cm":1437043,"minecraft:open_chest":1560,"minecraft:fall_one_cm":716714,"minecraft:sprint_one_cm":1228286,"minecraft:drop":830,"minecraft:talked_to_villager":41,"minecraft:walk_on_water_one_cm":21143,"minecraft:crouch_one_cm":271890,"tombstone:villager_killed":3,"minecraft:mob_kills":67,"minecraft:damage_dealt_resisted":0,"minecraft:walk_one_cm":1773374,"gateways:gates_defeated":1,"minecraft:walk_under_water_one_cm":19126,"minecraft:damage_taken":17309},"minecraft:mined":{"mekanismgenerators:wind_generator":1,"occultism:spirit_fire":1,"minecraft:obsidian":1,"minecraft:granite":5,"mekanism:purification_chamber":4,"allthecompressed:sand_1x":180,"minecraft:fire":10,"minecraft:barrel":11,"minecraft:cobbled_deepslate":2,"pipez:fluid_pipe":27,"chipped:cut_cobblestone_column":226,"chipped:bordered_netherrack":30,"occultism:otherworld_leaves_natural":56,"alltheores:nickel_ore":75,"minecraft:brown_mushroom":5,"chipped:overlapping_cobblestone_tiles":29,"mekanism:enrichment_chamber":4,"exmachinis:flux_hammer":8,"ironfurnaces:iron_furnace":2,"minecraft:torch":4,"sophisticatedstorage:diamond_chest":3,"minecraft:sugar_cane":8,"minecraft:wheat":4,"exdeorum:dust":3,"alltheores:tin_ore":74,"minecraft:grass":137,"exdeorum:oak_barrel":11,"allthecompressed:cobblestone_1x":816,"minecraft:red_mushroom_block":45,"flowerpatch:cornflower_patch":4,"chipped:thick_inlayed_cobblestone":23,"minecraft:mossy_cobblestone":32,"alltheores:osmium_ore":69,"chipped:polished_cobblestone":5,"minecraft:end_stone":33,"functionalstorage:oak_1":10,"minecraft:red_mushroom":2,"minecraft:andesite":7,"alltheores:lead_ore":64,"mekanism:superheating_element":3,"minecraft:potatoes":17,"mekanismgenerators:gas_burning_generator":5,"alltheores:silver_ore":74,"alltheores:aluminum_ore":64,"framedblocks:framed_vertical_double_half_stairs":1,"minecraft:oak_slab":1,"mekanism:crusher":8,"exdeorum:infested_leaves":449,"mekanism:basic_energy_cube":1,"minecraft:dandelion":20,"minecraft:cornflower":2,"exmachinis:flux_sieve":11,"minecraft:campfire":1,"minecraft:tall_grass":31,"minecraft:copper_ore":70,"minecraft:diorite":6,"mekanism:pressurized_reaction_chamber":3,"summoningrituals:altar":1,"minecraft:gravel":131,"minecraft:gold_ore":57,"minecraft:oak_sapling":1,"mekanism:advanced_universal_cable":4,"chipped:overlapping_deepslate_tiles":7,"minecraft:grass_block":32,"pipez:gas_pipe":7,"thermal:device_rock_gen":2,"framedblocks:framed_pillar":6,"occultism:datura":8,"cobblefordays:tier_1":4,"ironfurnaces:gold_furnace":2,"minecraft:iron_ore":186,"minecraft:azure_bluet":1,"supplementaries:stick":3,"minecraft:iron_bars":1,"exdeorum:oak_sieve":11,"framedblocks:framed_divided_stairs":4,"occultism:candle_white":6,"chipped:edged_deepslate_bricks":227,"minecraft:blackstone":6,"minecraft:clay":4,"framedblocks:framed_stairs":81,"minecraft:chest":11,"minecraft:mushroom_stem":10,"minecraft:cobblestone":983,"ironfurnaces:emerald_furnace":3,"rftoolsutility:crafter3":10,"minecraft:oak_planks":18,"cobblefordays:tier_2":3,"exdeorum:stone_barrel":9,"minecraft:oak_log":94,"minecraft:beetroots":1,"minecraft:sand":111,"minecraft:dirt":38,"occultism:otherworld_log_natural":28,"mekanism:basic_universal_cable":8,"minecraft:netherrack":315,"ironfurnaces:heater":2,"minecraft:oak_leaves":471,"trashcans:item_trash_can":4,"alltheores:zinc_ore":61,"chipped:mason_table":1,"mekanism:basic_mechanical_pipe":1,"torchmaster:megatorch":2,"minecraft:brown_mushroom_block":45,"exdeorum:compressed_crushed_netherrack":4,"minecraft:furnace":1,"rftoolspower:coalgenerator":3,"functionalstorage:simple_compacting_drawer":2,"minecraft:stone":9,"exdeorum:porcelain_crucible":1,"utilitarian:snad":4,"minecraft:basalt":8,"pipez:item_pipe":48,"minecraft:crafting_table":1,"allthecompressed:gravel_1x":226,"chipped:massive_cobblestone_bricks":422,"sophisticatedstorage:copper_chest":1,"mekanism:metallurgic_infuser":3,"chipped:bordered_cobblestone":57,"itemcollectors:basic_collector":10,"allthecompressed:netherrack_1x":4,"minecraft:cactus":3,"cookingforblockheads:sink":7,"minecraft:polished_andesite":21},"minecraft:killed_by":{"minecraft:zombie":3,"minecraft:stray":2,"minecraft:creeper":1,"minecraft:spider":1,"minecraft:skeleton":1},"minecraft:killed":{"minecraft:skeleton":3,"minecraft:chicken":1,"minecraft:zombie":14,"minecraft:cow":1,"minecraft:wandering_trader":3,"minecraft:spider":16,"minecraft:zombie_villager":1,"minecraft:creeper":5,"minecraft:trader_llama":17,"forcecraft:creeper_tot":1,"forcecraft:fairy":1},"minecraft:used":{"mekanism:upgrade_gas":2,"trashcans:item_trash_can":5,"rftoolspower:coalgenerator":3,"minecraft:chest":20,"minecraft:stone":9,"fluxnetworks:flux_plug":1,"minecraft:soul_sand":22,"mekanism:basic_energy_cube":3,"alltheores:lead_ore":64,"minecraft:packed_ice":1,"occultism:butcher_knife":10,"minecraft:lava_bucket":22,"chipped:bordered_netherrack":90,"itemcollectors:basic_collector":11,"minecraft:copper_ore":70,"summoningrituals:altar":1,"ironfurnaces:iron_furnace":1,"occultism:chalk_white":455,"minecraft:furnace":2,"minecraft:oak_sapling":63,"mekanismgenerators:gas_burning_generator":14,"minecraft:egg":2,"minecraft:potato":19,"mekanism:advanced_universal_cable":56,"minecraft:diorite":6,"minecraft:blackstone":6,"occultism:datura_seeds":10,"minecraft:cactus":4,"minecraft:leather_chestplate":1,"minecraft:clay":4,"rftoolsutility:crafter3":12,"minecraft:sand":112,"mekanism:elite_universal_cable":1,"framedblocks:framing_saw":1,"chipped:cut_cobblestone_column":228,"ironfurnaces:heater":3,"alltheores:aluminum_ore":64,"minecraft:diamond_sword":96,"minecraft:wooden_sword":8,"exmachinis:flux_sieve":14,"ironfurnaces:gold_furnace":2,"minecraft:iron_bars":2,"exdeorum:compressed_diamond_hammer":71,"chipped:bordered_cobblestone":62,"minecraft:mycelium":1,"farmingforblockheads:market":1,"exdeorum:crook":814,"minecraft:netherrack":316,"minecraft:stick":3,"minecraft:torch":116,"exdeorum:witch_water_bucket":3,"alltheores:silver_ore":74,"alchemistry:compactor":1,"utilitarian:snad":8,"mekanism:purification_chamber":5,"allthecompressed:netherrack_1x":4,"sophisticatedstorage:diamond_chest":10,"minecraft:barrel":13,"chipped:massive_cobblestone_bricks":8061,"minecraft:diamond_chestplate":1,"alltheores:tin_ore":74,"minecraft:basalt":8,"cobblefordays:tier_1":4,"mekanism:upgrade_energy":16,"constructionwand:diamond_wand":461,"chipped:overlapping_deepslate_tiles":7,"tombstone:gift":6,"torchmaster:megatorch":5,"minecraft:cobbled_deepslate":2,"exdeorum:oak_sieve":21,"minecraft:wheat_seeds":6,"xycraft_machines:extractor":1,"minecraft:water_bucket":71,"minecraft:gold_ore":57,"minecraft:crafting_table":2,"minecraft:oak_slab":1,"minecraft:campfire":1,"minecraft:white_bed":1,"occultism:datura":6,"exdeorum:compressed_crushed_netherrack":4,"chipped:thick_inlayed_cobblestone":32,"minecraft:oak_log":15,"alchemistry:atomizer":1,"minecraft:diamond_pickaxe":1442,"minecraft:cornflower":3,"allthecompressed:sand_1x":180,"allthecompressed:gravel_1x":226,"occultism:candle_white":9,"minecraft:cobblestone":647,"occultism:golden_sacrificial_bowl":1,"minecraft:dandelion":1,"minecraft:diamond_leggings":1,"minecraft:red_sand":36,"mekanism:basic_fluid_tank":1,"minecraft:iron_sword":92,"allthecompressed:cobblestone_1x":816,"pickletweaks:emerald_pickaxe":1319,"mekanism:basic_mechanical_pipe":3,"occultism:sacrificial_bowl":4,"mekanism:basic_universal_cable":44,"minecraft:obsidian":3,"integrateddynamics:squeezer":1,"mekanism:alloy_reinforced":8,"alchemistry:combiner":1,"mekanismgenerators:wind_generator":3,"mekanism:basic_tier_installer":3,"minecraft:magma_block":1,"pipez:item_pipe":80,"minecraft:beetroot_seeds":1,"minecraft:diamond_boots":2,"minecraft:stone_pickaxe":76,"minecraft:oak_planks":19,"chipped:edged_deepslate_bricks":480,"minecraft:diamond_axe":621,"minecraft:sugar_cane":3,"occultism:otherworld_sapling_natural":6,"alltheores:nickel_ore":75,"minecraft:end_stone":33,"mekanism:superheating_element":4,"exdeorum:oak_barrel":18,"mekanism:crusher":11,"mekanism:metallurgic_infuser":6,"mekanism:upgrade_speed":11,"tombstone:grave_key":9,"framedblocks:framed_divided_stairs":4,"minecraft:gravel":5431,"exmachinis:flux_hammer":14,"croptopia:toast":3,"functionalstorage:oak_1":13,"exdeorum:crushed_end_stone":33,"minecraft:andesite":8,"exdeorum:compressed_stone_hammer":1160,"mekanism:basic_smelting_factory":1,"minecraft:bone_meal":24,"exdeorum:mycelium_spores":1,"cookingforblockheads:sink":10,"mekanism:enrichment_chamber":7,"minecraft:flint_and_steel":2,"framedblocks:framed_stairs":95,"thermal:device_rock_gen":5,"minecraft:stone_hoe":5,"gateways:gate_pearl":1,"minecraft:dirt":141,"alchemistry:liquifier":1,"cobblefordays:tier_2":4,"minecraft:diamond_helmet":1,"alltheores:osmium_ore":69,"occultism:divination_rod":5,"exdeorum:silk_worm":9,"minecraft:granite":5,"mekanism:alloy_infused":2,"functionalstorage:simple_compacting_drawer":3,"framedblocks:framed_pillar":12,"alchemistry:dissolver":1,"framedblocks:framed_vertical_double_half_stairs":1,"minecraft:wooden_axe":80,"cobblefordays:tier_5":1,"exdeorum:porcelain_crucible":2,"exdeorum:stone_hammer":811,"mekanism:pressurized_reaction_chamber":5,"mekanism:electrolytic_separator":2,"minecraft:cooked_beef":32,"framedblocks:framed_trapdoor":2,"pipez:fluid_pipe":41,"minecraft:iron_ore":186,"fluxnetworks:flux_point":1,"minecraft:polished_andesite":21,"minecraft:baked_potato":44,"chipped:mason_table":2,"occultism:brush":26,"exdeorum:stone_barrel":12,"exdeorum:dust":1689,"sophisticatedstorage:copper_chest":1,"exdeorum:diamond_hammer":38,"pipez:gas_pipe":11,"chipped:overlapping_cobblestone_tiles":222,"alltheores:zinc_ore":61,"ironfurnaces:emerald_furnace":5,"minecraft:bucket":129,"chipped:polished_cobblestone":17},"minecraft:dropped":{"exdeorum:basalt_pebble":213,"occultism:datura_seeds":13,"xycraft_world:xychorium_gem_dark":104,"minecraft:lapis_lazuli":50,"minecraft:chorus_fruit":4,"minecraft:diamond":82,"exdeorum:zinc_ore_chunk":16,"pickletweaks:flint_shears":2,"thermal:corn_seeds":2,"silentgear:rough_rod":14,"minecraft:red_mushroom":2,"exdeorum:gold_ore_chunk":18,"minecraft:dirt":7,"occultism:taboo_book":3,"exdeorum:oak_crucible":1,"alltheores:nickel_clump":144,"mekanism:clump_iron":4,"exdeorum:granite_pebble":195,"minecraft:gold_nugget":7,"exdeorum:crook":2,"minecraft:wooden_sword":2,"minecraft:bone_meal":270,"minecraft:sand":51,"xycraft_world:kivi":8,"occultism:otherworld_log":12,"minecraft:white_wool":2,"exdeorum:lead_ore_chunk":24,"minecraft:bone":2,"minecraft:sugar_cane":37,"minecraft:iron_nugget":7,"minecraft:cobbled_deepslate":1,"tombstone:gift":1,"xycraft_world:xychorium_gem_blue":104,"mekanism:substrate":384,"minecraft:rotten_flesh":24,"minecraft:oak_planks":12,"minecraft:end_stone":3,"minecraft:glowstone_dust":17,"minecraft:blaze_powder":1,"exdeorum:silver_ore_chunk":21,"minecraft:azure_bluet":1,"thermal:eggplant_seeds":2,"mekanism:alloy_infused":2,"mekanism:bio_fuel":68,"chipped:overlapping_deepslate_tiles":64,"minecraft:charcoal":2,"alltheores:nickel_ingot":24,"mysticalagriculture:inferium_essence":23,"apotheosis:gem":1,"forbidden_arcanus:arcane_crystal":62,"thermal:rice_seeds":1,"minecraft:glass":24,"minecraft:beef":3,"mekanism:clump_tin":88,"minecraft:ghast_tear":1,"minecraft:enchanted_book":1,"minecraft:iron_ingot":82,"thermal:onion_seeds":2,"chipped:thick_inlayed_cobblestone":36,"chipped:polished_cobblestone":4,"minecraft:black_dye":1,"xycraft_world:xychorium_gem_green":94,"minecraft:wheat_seeds":16,"occultism:datura":3,"exdeorum:deepslate_pebble":301,"minecraft:feather":2,"minecraft:cobblestone":1818,"minecraft:book":3,"minecraft:apple":38,"minecraft:coal":109,"minecraft:polished_andesite":14,"chipped:cut_cobblestone_column":187,"chipped:massive_cobblestone_bricks":105,"alltheores:dirty_nickel_dust":48,"alltheores:copper_ore_hammer":1,"alltheores:dirty_silver_dust":50,"thermal:radish_seeds":1,"mekanism:dirty_dust_tin":50,"minecraft:string":5,"minecraft:paper":4,"xycraft_world:xychorium_storage_dark":10,"alltheores:gold_gear":2,"minecraft:furnace":1,"thermal:amaranth_seeds":3,"minecraft:deepslate":4,"xycraft_world:xychorium_storage_red":10,"minecraft:chicken":1,"minecraft:pumpkin_seeds":1,"functionalstorage:oak_1":1,"xycraft_world:xychorium_gem_red":89,"minecraft:potato":79,"minecraft:stone":10,"exdeorum:aluminum_ore_chunk":16,"exdeorum:diorite_pebble":199,"minecraft:stone_pressure_plate":12,"minecraft:spider_eye":11,"minecraft:bamboo":37,"exdeorum:andesite_pebble":92,"exdeorum:blackstone_pebble":193,"occultism:chalk_white_impure":1,"alltheores:steel_ingot":7,"farmersdelight:diamond_knife":2,"minecraft:brown_mushroom":7,"alltheores:raw_silver":32,"minecraft:oak_log":40,"alltheores:raw_nickel":1,"exdeorum:copper_ore_chunk":83,"minecraft:leather":3,"minecraft:flint":725,"minecraft:cyan_terracotta":2,"constructionwand:diamond_wand":1,"minecraft:ice":2,"exdeorum:iron_hammer":1,"minecraft:cornflower":7,"exdeorum:compressed_stone_hammer":9,"minecraft:amethyst_shard":42,"minecraft:gravel":84,"enderio:grains_of_infinity":15,"xycraft_world:xychorium_storage_light":10,"xycraft_world:xychorium_gem_light":98,"thermal:spinach_seeds":1,"minecraft:blackstone":5,"exdeorum:string_mesh":2,"minecraft:pointed_dripstone":7,"minecraft:beetroot":33,"minecraft:diamond_shovel":5,"xycraft_world:xychorium_storage_green":10,"minecraft:carrot":51,"ae2:sky_dust":21,"ars_nouveau:sourceberry_bush":1,"supplementaries:ash":8,"chipped:overlapping_cobblestone_tiles":73,"minecraft:gunpowder":7,"minecraft:melon_seeds":14,"minecraft:beetroot_seeds":3,"utilitarian:snad":1,"minecraft:arrow":5,"immersiveengineering:seed":16,"minecraft:oak_leaves":42,"minecraft:netherrack":47,"minecraft:stone_hoe":2,"minecraft:oak_slab":15,"minecraft:chorus_flower":2,"allthecompressed:cobblestone_1x":194,"minecraft:mossy_cobblestone":32,"exdeorum:mycelium_spores":4,"minecraft:poisonous_potato":1,"chipped:edged_deepslate_bricks":89,"minecraft:lead":14,"forcecraft:pile_of_gunpowder":2,"minecraft:copper_ingot":1,"mysticalagriculture:soulium_dust":2,"exdeorum:iron_ore_chunk":138,"exdeorum:osmium_ore_chunk":167,"thermal:barley_seeds":1,"minecraft:stick":157,"minecraft:iron_block":1,"minecraft:torch":2,"tombstone:grave_key":1,"exdeorum:grass_seeds":6,"tombstone:grave_dust":10,"mysticalagriculture:prosperity_shard":7,"minecraft:cactus":143,"exdeorum:stone_pebble":581,"minecraft:bucket":1,"minecraft:dandelion":14,"minecraft:redstone":258,"alltheores:iron_dust":2,"pickletweaks:emerald_pickaxe":1,"minecraft:nether_wart":1,"minecraft:raw_copper":4,"minecraft:composter":1,"minecraft:raw_iron":4,"chipped:bordered_cobblestone":193,"xycraft_world:xychorium_storage_blue":10,"occultism:otherworld_leaves_natural":56,"xycraft_machines:port_item":1,"minecraft:glass_pane":24,"thermal:sadiroot_seeds":3,"minecraft:copper_ore":3,"exdeorum:nickel_ore_chunk":21,"exdeorum:tin_ore_chunk":23,"minecraft:andesite":83,"minecraft:oak_sapling":82,"ae2:certus_quartz_dust":85,"alltheores:nickel_ore":1,"minecraft:stone_pickaxe":1,"exdeorum:stone_hammer":9}},"DataVersion":3465}