{"stats":{"minecraft:broken":{"exdeorum:crook":4},"minecraft:picked_up":{"exdeorum:mycelium_spores":5,"exdeorum:dust":928,"minecraft:lead":3,"exdeorum:iron_ore_chunk":591,"exdeorum:grass_seeds":8,"minecraft:string":168,"minecraft:raw_copper":241,"minecraft:beetroot":1,"minecraft:cobbled_deepslate":1,"minecraft:bucket":1,"thermal:spinach_seeds":1,"xycraft_world:xychorium_gem_green":46,"minecraft:furnace":1,"minecraft:stick":33,"thermal:sadiroot_seeds":1,"minecraft:torch":7,"mysticalagriculture:prosperity_shard":3,"minecraft:pointed_dripstone":114,"minecraft:diorite":6,"thermal:corn_seeds":1,"exdeorum:tin_ore_chunk":364,"thermal:radish_seeds":1,"minecraft:obsidian":1,"minecraft:blaze_powder":49,"minecraft:cobblestone":306,"exdeorum:osmium_ore_chunk":229,"occultism:datura_seeds":1,"exdeorum:basalt_pebble":215,"minecraft:andesite":5,"enderio:grains_of_infinity":106,"minecraft:potato":13,"minecraft:flint":579,"exdeorum:nickel_ore_chunk":310,"minecraft:lapis_lazuli":378,"minecraft:dirt":60,"alltheores:raw_tin":10,"minecraft:wheat_seeds":2,"minecraft:raw_gold":75,"mysticalagriculture:soulium_dust":1,"minecraft:glowstone_dust":108,"minecraft:bamboo":5,"minecraft:oak_planks":2,"ironfurnaces:iron_furnace":2,"minecraft:ghast_tear":1,"mekanism:metallurgic_infuser":2,"xycraft_world:xychorium_gem_red":33,"exdeorum:flint_mesh":14,"minecraft:sand":1092,"xycraft_world:xychorium_gem_dark":45,"alltheores:raw_nickel":11,"minecraft:polished_andesite":15,"xycraft_world:xychorium_gem_light":52,"thermal:device_rock_gen":1,"exdeorum:diamond_mesh":2,"minecraft:clay":20,"minecraft:diamond":120,"cobblefordays:tier_2":1,"thermal:eggplant_seeds":2,"minecraft:bone_meal":92,"exdeorum:copper_ore_chunk":383,"minecraft:emerald":103,"mekanism:superheating_element":2,"minecraft:oak_sapling":73,"chipped:bordered_cobblestone":25,"exdeorum:gold_ore_chunk":281,"minecraft:charcoal":2,"minecraft:azure_bluet":1,"minecraft:clay_ball":16,"minecraft:brown_mushroom":1,"exdeorum:oak_barrel":3,"exdeorum:blackstone_pebble":201,"exdeorum:string_mesh":10,"exdeorum:granite_pebble":200,"minecraft:wooden_sword":1,"exdeorum:golden_mesh":17,"minecraft:blackstone":6,"exdeorum:iron_mesh":10,"exdeorum:zinc_ore_chunk":246,"minecraft:iron_nugget":11,"allthecompressed:cobblestone_1x":2,"minecraft:sugar_cane":1,"minecraft:raw_iron":126,"exdeorum:porcelain_crucible":1,"minecraft:carrot":19,"mekanism:basic_energy_cube":1,"minecraft:redstone":103,"mekanism:crusher":2,"exdeorum:silk_worm":12,"minecraft:beetroot_seeds":3,"ironfurnaces:gold_furnace":2,"xycraft_world:xychorium_gem_blue":47,"ae2:certus_quartz_dust":87,"exdeorum:diorite_pebble":201,"exdeorum:andesite_pebble":219,"alltheores:iron_dust":3,"alltheores:raw_osmium":57,"minecraft:basalt":3,"minecraft:leather":2,"minecraft:red_mushroom":15,"forcecraft:force_gem":95,"minecraft:oak_log":140,"minecraft:gunpowder":131,"mekanism:salt":118,"ae2:sky_dust":88,"minecraft:apple":7,"exdeorum:oak_sieve":11,"exdeorum:stone_pebble":1562,"minecraft:iron_ingot":3,"minecraft:soul_sand":6,"chipped:polished_cobblestone":1,"functionalstorage:simple_compacting_drawer":1,"minecraft:oak_slab":1,"exdeorum:deepslate_pebble":304,"exdeorum:lead_ore_chunk":292,"minecraft:quartz":2,"minecraft:dandelion":12,"minecraft:gravel":5229,"minecraft:amethyst_shard":192,"exdeorum:silver_ore_chunk":303,"forbidden_arcanus:arcane_crystal":33,"exdeorum:aluminum_ore_chunk":263,"immersiveengineering:seed":2,"alltheores:raw_silver":10,"minecraft:melon_seeds":2,"thermal:amaranth_seeds":1,"minecraft:coal":596},"minecraft:crafted":{"minecraft:brick":1,"ironfurnaces:item_heater":1,"minecraft:oak_planks":92,"minecraft:barrel":4,"alltheores:constantan_ingot":0,"mekanism:electrolytic_separator":1,"alltheores:copper_dust":23,"mekanism:electrolytic_core":1,"minecraft:sand":1,"alltheores:silver_ore":10,"ironfurnaces:iron_furnace":1,"minecraft:stone":9,"projecte:high_covalence_dust":1,"exdeorum:unfired_porcelain_crucible":1,"mekanismgenerators:heat_generator":1,"ironfurnaces:diamond_furnace":2,"alltheores:osmium_ore":57,"minecraft:iron_bars":16,"minecraft:granite":5,"minecraft:hopper":2,"minecraft:glass":15,"alltheores:osmium_dust":22,"alltheores:nickel_ore":11,"silentgear:rough_rod":7,"minecraft:comparator":2,"allthecompressed:sand_1x":90,"minecraft:chest":11,"alltheores:raw_osmium_block":4,"minecraft:copper_block":10,"mekanism:basic_fluid_tank":1,"minecraft:stone_hoe":1,"minecraft:ender_eye":3,"alltheores:steel_dust":20,"exdeorum:stone_hammer":66,"mekanism:energy_tablet":2,"exdeorum:porcelain_crucible":1,"chipped:mason_table":1,"minecraft:raw_iron_block":8,"cobblefordays:tier_2":1,"rftoolspower:coalgenerator":1,"minecraft:oak_slab":6,"ironfurnaces:heater":1,"minecraft:emerald":1,"exdeorum:oak_barrel":7,"minecraft:diamond_axe":1,"minecraft:crafting_table":2,"minecraft:gold_ore":57,"minecraft:gravel":1,"minecraft:red_wool":1,"minecraft:moss_block":1,"minecraft:copper_ingot":18,"minecraft:gold_block":1,"minecraft:campfire":1,"minecraft:diorite":5,"cobblefordays:tier_1":1,"alltheores:lead_ore":8,"thermal:redstone_servo":1,"minecraft:charcoal":1,"mekanism:steel_casing":6,"exdeorum:flint_mesh":9,"minecraft:stick":56,"mekanism:crusher":1,"minecraft:iron_ingot":33,"projecte:medium_covalence_dust":1,"minecraft:iron_block":4,"exdeorum:oak_sieve":11,"minecraft:iron_ore":146,"minecraft:gold_ingot":0,"farmingforblockheads:market":1,"minecraft:redstone_torch":8,"minecraft:composter":1,"alltheores:constantan_gear":1,"minecraft:polished_andesite":5,"exmachinis:flux_sieve":1,"mekanism:basic_universal_cable":1,"minecraft:redstone":1,"functionalstorage:simple_compacting_drawer":1,"rftoolsbase:machine_frame":1,"ironfurnaces:gold_furnace":2,"minecraft:cobbled_deepslate":2,"minecraft:furnace":6,"alltheores:invar_dust":4,"alltheores:gold_dust":58,"minecraft:piston":2,"exdeorum:diamond_mesh":9,"minecraft:bone_meal":1,"minecraft:raw_copper_block":24,"minecraft:diamond_block":2,"minecraft:glass_pane":1,"allthecompressed:gravel_1x":107,"alltheores:copper_ore_hammer":4,"ironfurnaces:emerald_furnace":2,"minecraft:basalt":5,"minecraft:terracotta":0,"minecraft:diamond":2,"alltheores:tin_ore":10,"exdeorum:string_mesh":12,"minecraft:stone_pickaxe":1,"alltheores:constantan_dust":2,"alltheores:steel_ingot":0,"minecraft:redstone_block":1,"exdeorum:iron_mesh":9,"functionalstorage:oak_1":4,"dankstorage:dank_1":4,"alltheores:nickel_dust":3,"minecraft:red_dye":1,"pickletweaks:emerald_pickaxe":1,"constructionwand:diamond_wand":1,"exdeorum:golden_mesh":9,"alltheores:osmium_ingot":0,"exdeorum:diamond_hammer":1,"mekanism:metallurgic_infuser":1,"alltheores:nickel_ingot":0,"alltheores:invar_ingot":0,"mekanism:superheating_element":2,"minecraft:copper_ore":91,"exdeorum:compressed_stone_hammer":6,"minecraft:bucket":2,"projecte:low_covalence_dust":1,"minecraft:air":2307,"exdeorum:crook":8,"minecraft:blue_dye":7,"exdeorum:porcelain_clay_ball":12,"minecraft:white_wool":8,"mekanism:basic_energy_cube":1,"minecraft:cobblestone":258,"minecraft:gold_nugget":9,"mekanism:enrichment_chamber":2,"minecraft:flint":4,"minecraft:blackstone":5,"alltheores:iron_dust":73,"minecraft:white_bed":1,"exmachinis:flux_hammer":1,"minecraft:andesite":32,"thermal:device_rock_gen":1},"minecraft:custom":{"minecraft:interact_with_crafting_table":203,"minecraft:open_barrel":63,"minecraft:leave_game":9,"minecraft:time_since_death":235025,"minecraft:sprint_one_cm":138775,"minecraft:drop":358,"minecraft:talked_to_villager":12,"minecraft:play_time":458616,"minecraft:deaths":1,"minecraft:jump":1434,"minecraft:walk_on_water_one_cm":10446,"minecraft:interact_with_furnace":199,"minecraft:traded_with_villager":3,"minecraft:sleep_in_bed":6,"minecraft:damage_dealt":1173,"minecraft:crouch_one_cm":93095,"tombstone:villager_killed":1,"minecraft:mob_kills":4,"minecraft:damage_dealt_resisted":0,"minecraft:walk_one_cm":498847,"minecraft:sneak_time":26350,"minecraft:walk_under_water_one_cm":6070,"minecraft:total_world_time":458616,"minecraft:time_since_rest":9448,"minecraft:damage_taken":875,"minecraft:use_wand":760,"minecraft:swim_one_cm":420,"minecraft:fly_one_cm":94375,"minecraft:open_chest":331,"minecraft:fall_one_cm":147206},"minecraft:mined":{"minecraft:obsidian":1,"minecraft:granite":5,"minecraft:grass_block":29,"thermal:device_rock_gen":1,"allthecompressed:sand_1x":91,"ironfurnaces:gold_furnace":2,"minecraft:iron_ore":126,"minecraft:cobbled_deepslate":2,"minecraft:fire":6,"minecraft:azure_bluet":1,"supplementaries:stick":3,"exdeorum:oak_sieve":11,"alltheores:nickel_ore":11,"minecraft:brown_mushroom":1,"minecraft:blackstone":6,"ironfurnaces:iron_furnace":2,"minecraft:clay":4,"minecraft:torch":4,"minecraft:mushroom_stem":4,"minecraft:cobblestone":730,"minecraft:oak_planks":1,"cobblefordays:tier_2":1,"exdeorum:dust":2,"alltheores:tin_ore":10,"minecraft:grass":60,"minecraft:oak_log":68,"exdeorum:oak_barrel":3,"minecraft:beetroots":1,"minecraft:sand":109,"minecraft:dirt":34,"allthecompressed:cobblestone_1x":532,"minecraft:red_mushroom_block":45,"minecraft:oak_leaves":429,"alltheores:osmium_ore":57,"chipped:polished_cobblestone":2,"minecraft:red_mushroom":1,"minecraft:furnace":1,"minecraft:andesite":7,"functionalstorage:simple_compacting_drawer":1,"mekanism:superheating_element":3,"alltheores:silver_ore":10,"exdeorum:porcelain_crucible":1,"minecraft:oak_slab":1,"mekanism:crusher":2,"exdeorum:infested_leaves":449,"mekanism:basic_energy_cube":1,"minecraft:basalt":8,"minecraft:dandelion":12,"allthecompressed:gravel_1x":108,"minecraft:campfire":1,"minecraft:copper_ore":70,"minecraft:tall_grass":9,"mekanism:metallurgic_infuser":2,"minecraft:diorite":6,"chipped:bordered_cobblestone":26,"minecraft:gravel":127,"minecraft:polished_andesite":21,"minecraft:gold_ore":57},"minecraft:killed":{"minecraft:trader_llama":3,"minecraft:wandering_trader":1},"minecraft:used":{"rftoolspower:coalgenerator":1,"mekanism:basic_fluid_tank":1,"minecraft:chest":6,"allthecompressed:cobblestone_1x":532,"pickletweaks:emerald_pickaxe":513,"minecraft:soul_sand":6,"mekanism:basic_energy_cube":2,"minecraft:lava_bucket":17,"minecraft:copper_ore":70,"ironfurnaces:iron_furnace":1,"minecraft:furnace":2,"minecraft:oak_sapling":22,"minecraft:beetroot_seeds":1,"minecraft:diorite":6,"minecraft:stone_pickaxe":76,"minecraft:oak_planks":1,"minecraft:blackstone":6,"minecraft:diamond_axe":116,"minecraft:clay":4,"minecraft:sand":109,"alltheores:nickel_ore":11,"mekanism:superheating_element":4,"chipped:cut_cobblestone_column":225,"exdeorum:oak_barrel":10,"mekanism:crusher":3,"mekanism:metallurgic_infuser":3,"ironfurnaces:heater":1,"minecraft:gravel":4259,"minecraft:wooden_sword":8,"minecraft:andesite":7,"exdeorum:compressed_stone_hammer":733,"minecraft:bone_meal":5,"exdeorum:mycelium_spores":1,"ironfurnaces:gold_furnace":2,"mekanism:enrichment_chamber":1,"chipped:bordered_cobblestone":57,"farmingforblockheads:market":1,"exdeorum:crook":814,"thermal:device_rock_gen":2,"minecraft:stone_hoe":1,"minecraft:netherrack":1,"minecraft:stick":3,"minecraft:torch":6,"minecraft:dirt":127,"exdeorum:witch_water_bucket":1,"cobblefordays:tier_2":2,"alltheores:silver_ore":10,"alltheores:osmium_ore":57,"exdeorum:silk_worm":9,"minecraft:granite":5,"functionalstorage:simple_compacting_drawer":2,"minecraft:wooden_axe":80,"minecraft:barrel":1,"exdeorum:porcelain_crucible":2,"alltheores:tin_ore":10,"minecraft:basalt":8,"exdeorum:stone_hammer":811,"constructionwand:diamond_wand":71,"tombstone:gift":2,"minecraft:cooked_beef":11,"minecraft:cobbled_deepslate":2,"exdeorum:oak_sieve":21,"minecraft:water_bucket":34,"minecraft:iron_ore":126,"minecraft:polished_andesite":21,"minecraft:gold_ore":57,"chipped:mason_table":1,"minecraft:oak_slab":1,"minecraft:crafting_table":1,"minecraft:white_bed":1,"minecraft:campfire":1,"occultism:datura":1,"exdeorum:dust":945,"allthecompressed:sand_1x":91,"allthecompressed:gravel_1x":108,"minecraft:cobblestone":604,"ironfurnaces:emerald_furnace":2,"minecraft:bucket":75,"chipped:polished_cobblestone":17},"minecraft:dropped":{"exdeorum:basalt_pebble":195,"minecraft:brown_mushroom":1,"xycraft_world:xychorium_gem_dark":44,"minecraft:lapis_lazuli":1,"minecraft:oak_log":8,"minecraft:diamond":1,"exdeorum:copper_ore_chunk":3,"thermal:corn_seeds":1,"minecraft:red_mushroom":1,"minecraft:flint":219,"exdeorum:gold_ore_chunk":3,"exdeorum:compressed_stone_hammer":5,"minecraft:amethyst_shard":2,"minecraft:wooden_sword":2,"exdeorum:crook":2,"exdeorum:granite_pebble":180,"minecraft:bone_meal":6,"minecraft:sand":44,"exdeorum:lead_ore_chunk":4,"enderio:grains_of_infinity":15,"xycraft_world:xychorium_gem_light":52,"minecraft:gravel":17,"thermal:spinach_seeds":1,"minecraft:sugar_cane":1,"minecraft:blackstone":5,"exdeorum:string_mesh":2,"minecraft:cobbled_deepslate":1,"xycraft_world:xychorium_gem_blue":44,"minecraft:pointed_dripstone":7,"minecraft:oak_planks":4,"minecraft:glowstone_dust":1,"minecraft:blaze_powder":1,"exdeorum:silver_ore_chunk":1,"minecraft:azure_bluet":1,"thermal:eggplant_seeds":2,"minecraft:carrot":19,"ae2:sky_dust":5,"minecraft:gunpowder":2,"minecraft:charcoal":2,"minecraft:beetroot_seeds":1,"minecraft:melon_seeds":2,"forbidden_arcanus:arcane_crystal":12,"minecraft:ghast_tear":1,"immersiveengineering:seed":2,"minecraft:netherrack":6,"chipped:polished_cobblestone":1,"minecraft:oak_slab":5,"xycraft_world:xychorium_gem_green":46,"minecraft:wheat_seeds":2,"exdeorum:deepslate_pebble":292,"allthecompressed:cobblestone_1x":133,"exdeorum:mycelium_spores":4,"minecraft:lead":3,"minecraft:cobblestone":523,"minecraft:apple":2,"minecraft:copper_ingot":1,"mysticalagriculture:soulium_dust":1,"exdeorum:iron_ore_chunk":7,"exdeorum:osmium_ore_chunk":1,"minecraft:coal":74,"minecraft:polished_andesite":14,"minecraft:stick":14,"exdeorum:grass_seeds":4,"mysticalagriculture:prosperity_shard":3,"thermal:radish_seeds":1,"exdeorum:stone_pebble":528,"minecraft:bucket":1,"minecraft:dandelion":3,"minecraft:redstone":2,"minecraft:furnace":1,"thermal:amaranth_seeds":1,"minecraft:raw_copper":4,"minecraft:raw_iron":4,"minecraft:composter":1,"chipped:bordered_cobblestone":174,"minecraft:copper_ore":3,"thermal:sadiroot_seeds":1,"xycraft_world:xychorium_gem_red":33,"minecraft:potato":12,"exdeorum:nickel_ore_chunk":10,"minecraft:stone":4,"exdeorum:tin_ore_chunk":4,"exdeorum:aluminum_ore_chunk":7,"minecraft:andesite":4,"ae2:certus_quartz_dust":16,"exdeorum:diorite_pebble":181,"minecraft:bamboo":5,"exdeorum:andesite_pebble":91,"exdeorum:blackstone_pebble":181,"minecraft:stone_pickaxe":1,"exdeorum:stone_hammer":9}},"DataVersion":3465}