{"stats":{"minecraft:dropped":{"exdeorum:basalt_pebble":213,"xycraft_world:xychorium_ore_stone_dark":1,"minecraft:iron_sword":2,"occultism:datura_seeds":31,"minecraft:porkchop":8,"minecraft:lapis_lazuli":50,"minecraft:chorus_fruit":4,"minecraft:diamond":591,"alltheores:aluminum_ore":16,"minecraft:cooked_porkchop":3,"pickletweaks:flint_shears":2,"thermal:corn_seeds":2,"absentbydesign:stairs_glass":63,"silentgear:rough_rod":14,"everlastingabilities:ability_totem":2,"alltheores:tin_ingot":673,"minecraft:red_mushroom":30,"rechiseled:cobblestone_pulverized_connecting":49,"minecraft:emerald":179,"occultism:taboo_book":3,"mekanism:clump_iron":10,"minecraft:gold_nugget":48,"minecraft:sand":67,"minecraft:white_wool":6,"minecraft:ancient_debris":1,"minecraft:iron_nugget":51,"minecraft:cobbled_deepslate":1,"minecraft:netherite_sword":1,"minecraft:wheat":5,"minecraft:obsidian":1,"tombstone:gift":3,"xycraft_world:xychorium_gem_blue":104,"minecraft:rotten_flesh":76,"minecraft:oak_planks":40,"minecraft:glowstone_dust":768,"minecraft:azure_bluet":1,"projecte:medium_covalence_dust":88,"forbidden_arcanus:obsidian_ingot":3,"thermal:eggplant_seeds":2,"mekanism:alloy_infused":65,"mekanism:bio_fuel":69,"refinedstorage:silicon":1,"mekanism:clump_gold":189,"minecraft:coal_ore":1,"chipped:overlapping_deepslate_tiles":64,"mysticalagriculture:inferium_essence":91,"apotheosis:gem":14,"minecraft:acacia_sapling":8,"minecraft:glass":68,"minecraft:beef":3,"reliquary:zombie_heart":3,"minecraft:golden_boots":3,"thermal:onion_seeds":2,"chipped:thick_inlayed_cobblestone":36,"chipped:polished_cobblestone":9,"minecraft:black_dye":19,"xycraft_world:xychorium_gem_green":94,"occultism:datura":13,"minecraft:wheat_seeds":398,"mysticalagradditions:withering_soul":2,"minecraft:netherite_chestplate":1,"minecraft:book":5,"silentgear:sinew":4,"minecraft:diamond_horse_armor":1,"chipped:cut_cobblestone_column":193,"framedblocks:framed_stairs":19,"exdeorum:silk_worm":4,"minecraft:wooden_axe":1,"alltheores:dirty_nickel_dust":48,"minecraft:potion":2,"alltheores:dirty_silver_dust":50,"minecraft:red_dye":68,"thermal:radish_seeds":1,"mekanism:salt":19,"minecraft:smooth_stone":222,"xycraft_world:xychorium_storage_dark":10,"minecraft:snow_block":4,"alltheores:gold_gear":2,"thermal:amaranth_seeds":3,"xycraft_world:xychorium_storage_red":10,"minecraft:iron_boots":5,"minecraft:diamond_sword":3,"occultism:chalk_purple_impure":1,"alltheores:osmium_dust":5,"minecraft:spruce_planks":8,"minecraft:bundle":1,"minecraft:diamond_pickaxe":5,"minecraft:redstone_torch":11,"exdeorum:diorite_pebble":199,"minecraft:stone_pressure_plate":12,"minecraft:stone_bricks":2,"minecraft:bamboo":53,"croptopia:tomatillo_seed":3,"ars_nouveau:amplify_arrow":30,"alltheores:steel_ingot":7,"farmersdelight:diamond_knife":2,"mekanism:clump_lead":123,"minecraft:soul_sand":27,"minecraft:moss_block":1,"alltheores:raw_silver":32,"minecraft:oak_log":42,"minecraft:ender_pearl":4,"minecraft:dark_oak_sapling":16,"exdeorum:copper_ore_chunk":93,"framedblocks:framed_cube":17,"minecraft:leather":12,"alltheores:lead_dust":23,"tombstone:bag_of_seeds":1,"mekanism:enriched_carbon":216,"constructionwand:diamond_wand":1,"minecraft:packed_ice":6,"minecraft:ice":15,"exdeorum:iron_hammer":1,"minecraft:mutton":6,"minecraft:gold_ingot":309,"enderio:grains_of_infinity":19,"xycraft_world:xychorium_storage_light":10,"xycraft_world:xychorium_gem_light":98,"minecraft:purpur_block":1,"minecraft:pointed_dripstone":7,"minecraft:beetroot":65,"mekanism:basic_universal_cable":2,"ars_nouveau:sourceberry_bush":1,"minecraft:beetroot_seeds":3,"silentgear:leather_scrap":10,"minecraft:iron_bars":9,"utilitarian:snad":1,"minecraft:stone_hoe":2,"allthecompressed:cobblestone_1x":196,"exdeorum:mycelium_spores":4,"alltheores:zinc_ingot":1540,"croptopia:soybean_seed":8,"mysticalagriculture:soulium_dust":130,"exdeorum:osmium_ore_chunk":255,"minecraft:iron_block":11,"alltheores:gold_dust":93,"tombstone:grave_key":1,"minecraft:fire_charge":2,"alltheores:raw_lead":64,"mysticalagriculture:prosperity_shard":814,"mekanism:enriched_diamond":16,"minecraft:cactus":245,"exdeorum:stone_pebble":583,"wstweaks:fragment":12,"alltheores:iron_dust":2,"pickletweaks:emerald_pickaxe":1,"minecraft:oak_trapdoor":8,"chipped:curly_cobblestone_pillar":8,"alltheores:raw_osmium":3,"chipped:bordered_cobblestone":197,"xycraft_world:xychorium_storage_blue":10,"occultism:otherworld_leaves_natural":56,"xycraft_machines:port_item":1,"minecraft:deepslate_bricks":74,"minecraft:copper_ore":3,"thermal:sadiroot_seeds":5,"pipez:fluid_pipe":8,"exdeorum:nickel_ore_chunk":85,"minecraft:oak_button":6,"minecraft:andesite":148,"mekanism:dirty_dust_iron":4,"minecraft:golden_leggings":1,"minecraft:oak_sapling":98,"ae2:certus_quartz_dust":89,"enderio:dark_steel_sword":1,"alltheores:nickel_ore":19,"minecraft:magma_cream":15,"xycraft_world:xychorium_gem_dark":106,"exdeorum:zinc_ore_chunk":16,"mekanism:basic_control_circuit":1,"minecraft:saddle":1,"exdeorum:gold_ore_chunk":19,"alltheores:osmium_ingot":15,"alltheores:tin_ore":4,"minecraft:dirt":147,"alltheores:diamond_dust":13,"exdeorum:oak_crucible":1,"alltheores:nickel_clump":306,"croptopia:scrambled_eggs":1,"exdeorum:crook":9,"minecraft:wooden_sword":2,"exdeorum:granite_pebble":195,"minecraft:bone_meal":401,"alltheores:raw_tin":64,"xycraft_world:kivi":260,"minecraft:sugar":8,"minecraft:iron_pickaxe":1,"occultism:otherworld_log":12,"tombstone:familiar_receptacle":2,"exdeorum:lead_ore_chunk":24,"minecraft:bone":5,"minecraft:sugar_cane":247,"minecraft:golden_chestplate":1,"alltheores:aluminum_nugget":7,"minecraft:birch_sapling":16,"mekanism:substrate":386,"alltheores:aluminum_clump":108,"minecraft:end_stone":182,"minecraft:blaze_powder":134,"exdeorum:silver_ore_chunk":27,"alltheores:tin_dust":2,"occultism:chalk_gold_impure":1,"alltheores:nickel_ingot":374,"minecraft:charcoal":2,"forbidden_arcanus:arcane_crystal":62,"thermal:rice_seeds":1,"minecraft:end_stone_bricks":2,"mekanism:clump_tin":88,"minecraft:ghast_tear":289,"minecraft:egg":2,"tombstone:scroll_of_reach":2,"minecraft:enchanted_book":1,"minecraft:iron_ingot":729,"dankstorage:dank_1":4,"exdeorum:deepslate_pebble":305,"mekanism:dust_obsidian":8,"minecraft:feather":8,"minecraft:cobblestone":3523,"minecraft:apple":69,"minecraft:coal":189,"minecraft:polished_andesite":14,"chipped:massive_cobblestone_bricks":222,"minecraft:wooden_hoe":2,"pneumaticcraft:compressed_iron_helmet":1,"alltheores:copper_ore_hammer":1,"minecraft:diamond_helmet":1,"alltheores:raw_aluminum":83,"mekanism:dirty_dust_tin":50,"minecraft:iron_shovel":1,"minecraft:paper":16,"minecraft:string":5,"ars_nouveau:caster_tome":1,"alltheores:silver_dust":14,"alltheores:nickel_dust":36,"minecraft:furnace":1,"minecraft:stone_sword":12,"forbidden_arcanus:ender_pearl_fragment":162,"minecraft:deepslate":4,"minecraft:chicken":6,"minecraft:diamond_ore":1,"minecraft:pumpkin_seeds":1,"functionalstorage:oak_1":1,"xycraft_world:xychorium_gem_red":89,"minecraft:potato":111,"minecraft:stone":16,"exdeorum:aluminum_ore_chunk":16,"alltheores:aluminum_ingot":1,"minecraft:spider_eye":17,"exdeorum:blackstone_pebble":193,"exdeorum:andesite_pebble":92,"occultism:chalk_white_impure":1,"projecte:low_covalence_dust":40,"minecraft:gold_ore":68,"minecraft:brown_mushroom":20,"minecraft:diamond_axe":1,"alltheores:raw_nickel":1,"alltheores:raw_zinc":61,"minecraft:flint":847,"minecraft:cyan_terracotta":2,"minecraft:cornflower":7,"exdeorum:compressed_stone_hammer":9,"minecraft:amethyst_shard":162,"framedblocks:framed_fence":64,"minecraft:gravel":660,"thermal:spinach_seeds":1,"minecraft:blackstone":37,"exdeorum:string_mesh":2,"sophisticatedstorage:basic_tier_upgrade":1,"exdeorum:crushed_end_stone":34,"minecraft:diamond_shovel":5,"xycraft_world:xychorium_storage_green":10,"minecraft:carrot":72,"ae2:sky_dust":21,"supplementaries:ash":40,"chipped:overlapping_cobblestone_tiles":81,"minecraft:gunpowder":477,"minecraft:melon_seeds":15,"refinedstorage:1k_storage_disk":1,"minecraft:arrow":6,"minecraft:quartz":2,"immersiveengineering:seed":17,"minecraft:oak_leaves":42,"minecraft:netherrack":216,"minecraft:oak_slab":15,"exdeorum:stone_barrel":2,"minecraft:chorus_flower":5,"minecraft:mossy_cobblestone":32,"minecraft:cyan_dye":1,"minecraft:diamond_leggings":3,"minecraft:poisonous_potato":1,"chipped:edged_deepslate_bricks":89,"minecraft:lead":16,"forcecraft:pile_of_gunpowder":2,"minecraft:copper_ingot":2,"exdeorum:iron_ore_chunk":218,"thermal:barley_seeds":1,"minecraft:stick":252,"minecraft:blue_dye":2,"croptopia:knife":2,"tombstone:magic_scroll":4,"minecraft:torch":3,"exdeorum:grass_seeds":6,"tombstone:grave_dust":29,"minecraft:iron_leggings":1,"occultism:candle_white":1,"minecraft:wither_rose":12,"chipped:small_deepslate_bricks":1,"minecraft:bucket":1,"minecraft:dandelion":15,"minecraft:redstone":364,"occultism:otherstone":3,"minecraft:nether_wart":146,"minecraft:coarse_dirt":12,"minecraft:blaze_rod":1,"minecraft:raw_copper":5,"alltheores:silver_ingot":16,"minecraft:raw_iron":8,"minecraft:composter":1,"minecraft:ender_eye":2,"minecraft:glass_pane":46,"minecraft:diamond_chestplate":5,"chipped:ornate_cobblestone_pillar":112,"projecte:high_covalence_dust":80,"exdeorum:tin_ore_chunk":103,"chipped:tiled_cobblestone_column":295,"minecraft:golden_sword":13,"tombstone:essence_of_undeath":1,"minecraft:diamond_boots":2,"alltheores:lead_ore":121,"minecraft:stone_pickaxe":1,"exdeorum:stone_hammer":9},"minecraft:killed":{"occultism:possessed_hoglin":1,"minecraft:ender_dragon":1,"occultism:foliot":1,"minecraft:zombie":29,"minecraft:zombified_piglin":69,"minecraft:spider":25,"minecraft:wither":2,"minecraft:zombie_villager":2,"minecraft:sheep":3,"minecraft:trader_llama":21,"occultism:possessed_skeleton":1,"forcecraft:fairy":1,"minecraft:wither_skeleton":49,"minecraft:shulker":10,"minecraft:skeleton":3,"minecraft:chicken":4,"minecraft:magma_cube":15,"minecraft:cow":1,"minecraft:wandering_trader":3,"minecraft:enderman":52,"minecraft:pig":8,"minecraft:creeper":5,"minecraft:blaze":29,"forcecraft:creeper_tot":1},"minecraft:broken":{"constructionwand:diamond_wand":4,"minecraft:diamond_helmet":1,"minecraft:diamond_boots":1,"minecraft:netherite_leggings":1,"minecraft:leather_chestplate":1,"exdeorum:crook":8},"minecraft:killed_by":{"minecraft:zombie":3,"minecraft:wither":7,"minecraft:zombified_piglin":1,"minecraft:skeleton":1,"minecraft:stray":2,"minecraft:wither_skeleton":3,"minecraft:creeper":1,"minecraft:spider":1,"minecraft:enderman":3},"minecraft:crafted":{"pipez:basic_upgrade":3,"minecraft:black_dye":19,"pipez:wrench":1,"ironfurnaces:item_heater":2,"exdeorum:iron_hammer":1,"alltheores:constantan_ingot":0,"alltheores:signalum_ingot":32,"mekanism:electrolytic_separator":1,"ironfurnaces:iron_furnace":1,"minecraft:diamond_shovel":5,"mekanismgenerators:heat_generator":1,"ironfurnaces:diamond_furnace":2,"sophisticatedstorage:gold_to_diamond_tier_upgrade":8,"minecraft:granite":5,"alltheores:lead_dust":32,"thermal:upgrade_augment_2":4,"minecraft:diamond_helmet":2,"refinedstorage:crafting_grid":2,"occultism:brush":1,"redstone_arsenal:flux_dust":10,"minecraft:beacon":1,"redstone_arsenal:flux_bow":1,"mekanism:elite_universal_cable":34,"refinedstorage:network_receiver":1,"minecraft:stone_pressure_plate":16,"alltheores:raw_osmium_block":4,"mekanism:energy_tablet":4,"occultism:candle_white":16,"ironfurnaces:heater":1,"exdeorum:oak_barrel":23,"mekanism:chemical_injection_chamber":14,"exdeorum:netherite_mesh":1,"minecraft:smithing_table":1,"ironfurnaces:augment_blasting":1,"craftingstation:crafting_station":1,"minecraft:fletching_table":1,"waystones:warp_stone":1,"thermal:redstone_servo":2,"minecraft:stone_slab":1,"projecte:medium_covalence_dust":1,"farmingforblockheads:market":1,"minecraft:netherite_ingot":36,"refinedstorage:machine_casing":3,"minecraft:composter":1,"alltheores:constantan_gear":2,"minecraft:iron_nugget":27,"minecraft:cobbled_deepslate":2,"mekanism:basic_chemical_tank":4,"exmachinis:gold_upgrade":32,"refinedstorage:external_storage":1,"xycraft_machines:extractor":3,"ironfurnaces:emerald_furnace":2,"minecraft:basalt":5,"minecraft:terracotta":0,"sophisticatedstorage:upgrade_base":4,"framedblocks:framed_wall":92,"minecraft:stone_pickaxe":1,"alltheores:constantan_dust":32,"alltheores:silver_dust":106,"alltheores:nickel_dust":67,"constructionwand:diamond_wand":8,"forbidden_arcanus:obsidian_with_iron":7,"mekanism:dynamic_tank":4,"alltheores:electrum_ingot":0,"itemcollectors:basic_collector":2,"minecraft:red_carpet":1,"minecraft:gunpowder":21,"framedblocks:framed_slab":18,"mekanism:basic_mechanical_pipe":1,"farmersdelight:diamond_knife":2,"refinedstorage:improved_processor":0,"thermal:device_rock_gen":2,"minecraft:soul_sand":1,"occultism:divination_rod":1,"minecraft:barrel":6,"sophisticatedstorage:gold_chest":9,"alltheores:copper_dust":23,"mekanism:electrolytic_core":7,"refinedstorage:cable":60,"refinedstorage:controller":1,"minecraft:stone":12,"alltheores:lumium_gear":2,"projecte:high_covalence_dust":1,"exdeorum:unfired_porcelain_crucible":2,"fluxnetworks:flux_point":1,"alchemistry:dissolver":1,"pipez:fluid_pipe":33,"alltheores:osmium_ore":69,"mekanism:basic_tier_installer":7,"alltheores:nickel_ore":87,"silentgear:rough_rod":7,"exmachinis:diamond_upgrade":11,"minecraft:comparator":3,"rftoolsutility:crafter1":2,"occultism:book_of_binding_foliot":2,"functionalstorage:gold_upgrade":4,"minecraft:chest":44,"minecraft:oak_button":6,"minecraft:copper_block":20,"mekanism:basic_fluid_tank":1,"alltheores:gold_gear":10,"occultism:golden_sacrificial_bowl":2,"minecraft:ender_eye":6,"minecraft:stone_bricks":135,"alltheores:steel_dust":134,"alltheores:enderium_ingot":0,"chipped:mason_table":1,"fluxnetworks:flux_core":4,"minecraft:magma_block":13,"minecraft:dropper":10,"integrateddynamics:squeezer":1,"rftoolspower:coalgenerator":1,"minecraft:arrow":12,"minecraft:cauldron":3,"alltheores:diamond_dust":16,"minecraft:red_wool":3,"ironfurnaces:obsidian_furnace":2,"pipez:gas_pipe":16,"cobblefordays:tier_1":1,"alltheores:lead_ore":86,"rechiseled:chisel":1,"minecraft:totem_of_undying":1,"minecraft:purple_dye":60,"framedblocks:framed_sliced_stairs_panel":8,"alchemistry:liquifier":1,"minecraft:stick":222,"mekanism:crusher":16,"minecraft:iron_ingot":103,"minecraft:iron_ore":176,"exdeorum:oak_sieve":13,"occultism:butcher_knife":1,"minecraft:deepslate_bricks":16,"mekanism:basic_universal_cable":61,"mekanismgenerators:wind_generator":1,"sophisticatedstorage:iron_chest":9,"alltheores:invar_dust":84,"minecraft:furnace":9,"alltheores:gold_dust":317,"minecraft:blast_furnace":1,"minecraft:piston":14,"redstone_arsenal:flux_obsidian_rod":1,"mekanism:basic_smelting_factory":1,"minecraft:raw_copper_block":24,"minecraft:oak_trapdoor":12,"minecraft:flint_and_steel":1,"alchemistry:combiner":1,"extrastorage:disk_256k":1,"functionalstorage:oak_1":8,"minecraft:magma_cream":70,"occultism:spirit_attuned_crystal":7,"alltheores:signalum_dust":64,"constructionwand:infinity_wand":1,"alltheores:zinc_ore":74,"alltheores:aluminum_nugget":9,"sophisticatedstorage:basic_to_iron_tier_upgrade":8,"minecraft:copper_ore":99,"mekanism:upgrade_speed":80,"exdeorum:porcelain_clay_ball":16,"sophisticatedstorage:chest":14,"functionalstorage:copper_upgrade":4,"mekanism:enrichment_chamber":47,"minecraft:white_dye":36,"mekanism:advanced_control_circuit":83,"minecraft:stonecutter":1,"alltheores:iron_dust":389,"occultism:book_of_binding_bound_foliot":2,"minecraft:andesite":33,"minecraft:torch":39,"cookingforblockheads:sink":3,"minecraft:diamond_chestplate":1,"cobblefordays:tier_4":1,"minecraft:smooth_stone":0,"gateways:gate_pearl":2,"redstone_arsenal:flux_ingot":0,"pipez:improved_upgrade":3,"pipez:item_pipe":50,"waystones:waystone":1,"alltheores:silver_ore":85,"croptopia:toast":24,"refinedstorage:64k_storage_part":3,"minecraft:iron_bars":33,"occultism:sacrificial_bowl":25,"minecraft:glass":19,"alltheores:osmium_dust":186,"minecraft:diamond_leggings":2,"thermal:upgrade_augment_1":8,"refinedstorage:grid":3,"allthecompressed:sand_1x":185,"refinedstorage:network_transmitter":1,"refinedstorage:processor_binding":640,"framedblocks:framed_stairs":64,"torchmaster:megatorch":3,"refinedstorage:raw_advanced_processor":43,"minecraft:emerald":1,"minecraft:diamond_axe":2,"refinedstorage:storage_housing":16,"minecraft:gravel":1,"xycraft_machines:port_fluid":2,"minecraft:moss_block":1,"minecraft:copper_ingot":18,"minecraft:campfire":1,"exdeorum:flint_mesh":11,"minecraft:iron_block":59,"occultism:chalk_gold_impure":1,"alltheores:electrum_dust":64,"xycraft_machines:port_item":3,"exdeorum:compressed_diamond_hammer":1,"minecraft:gold_ingot":4,"mekanism:upgrade_gas":8,"croptopia:knife":1,"alchemistry:atomizer":1,"minecraft:fire_charge":3,"mekanism:advanced_universal_cable":59,"minecraft:packed_ice":34,"ironfurnaces:netherite_furnace":2,"extrastorage:storagepart_256k":1,"sophisticatedstorage:gold_to_netherite_tier_upgrade":2,"minecraft:bone_meal":19,"framedblocks:framed_chest":2,"occultism:book_of_binding_afrit":1,"allthecompressed:gravel_1x":354,"sophisticatedstorage:copper_chest":4,"alltheores:copper_ore_hammer":6,"minecraft:wither_skeleton_skull":15,"minecraft:diamond":16,"alltheores:signalum_gear":16,"alltheores:tin_ore":90,"utilitarian:snad":5,"minecraft:ender_pearl":12,"minecraft:diamond_boots":5,"alltheores:steel_ingot":65,"minecraft:redstone_block":14,"exdeorum:iron_mesh":10,"dankstorage:dank_1":4,"minecraft:wheat":16,"minecraft:coal_block":116,"exdeorum:golden_mesh":10,"summoningrituals:altar":1,"alltheores:osmium_ingot":0,"angelring:angel_ring":1,"exdeorum:diamond_hammer":19,"alltheores:invar_ingot":0,"allthecompressed:netherrack_1x":4,"exdeorum:compressed_stone_hammer":9,"refinedstorage:raw_improved_processor":60,"redstone_arsenal:flux_gem":2,"occultism:dictionary_of_spirits":2,"projecte:low_covalence_dust":1,"cobblefordays:tier_3":1,"cobblefordays:tier_5":1,"exdeorum:crook":14,"thermal:upgrade_augment_3":1,"redstone_arsenal:obsidian_rod":1,"functionalstorage:diamond_upgrade":4,"minecraft:cobblestone":259,"alltheores:tin_dust":10,"alltheores:lumium_dust":6,"minecraft:flint":4,"refinedstorage:raw_basic_processor":125,"minecraft:blackstone":5,"minecraft:white_bed":1,"minecraft:brick":1,"minecraft:oak_planks":474,"alchemistry:compactor":1,"occultism:chalk_white_impure":4,"mekanismgenerators:gas_burning_generator":6,"alltheores:iron_ore_hammer":9,"minecraft:sand":1,"minecraft:green_dye":0,"minecraft:hopper":14,"angelring:diamond_ring":1,"alltheores:aluminum_ore":76,"refinedstorage:4k_storage_part":27,"tombstone:grave_key":5,"minecraft:cyan_terracotta":19,"framedblocks:framing_saw":1,"minecraft:netherite_upgrade_smithing_template":64,"refinedstorage:disk_drive":1,"mekanism:elite_control_circuit":28,"minecraft:stone_hoe":1,"exdeorum:stone_hammer":93,"exdeorum:porcelain_crucible":1,"exdeorum:compressed_crushed_netherrack":4,"minecraft:raw_iron_block":8,"cobblefordays:tier_2":2,"occultism:burnt_otherstone":0,"sophisticatedstorage:diamond_chest":9,"minecraft:oak_slab":38,"minecraft:crafting_table":17,"minecraft:spruce_planks":86,"minecraft:gold_ore":68,"minecraft:baked_potato":0,"minecraft:gold_block":27,"mekanism:purification_chamber":29,"refinedstorage:basic_processor":0,"minecraft:diorite":5,"rftoolsutility:crafter2":2,"exdeorum:oak_crucible":1,"minecraft:book":7,"minecraft:paper":13,"minecraft:diamond_pickaxe":4,"minecraft:charcoal":1,"mekanism:steel_casing":94,"rftoolsutility:crafter3":2,"minecraft:redstone_torch":92,"minecraft:shears":1,"exmachinis:flux_sieve":5,"minecraft:polished_andesite":5,"pipez:advanced_upgrade":3,"minecraft:coarse_dirt":12,"thermal:obsidian_glass":2,"occultism:chalk_purple_impure":1,"minecraft:redstone":1,"minecraft:coal":116,"functionalstorage:simple_compacting_drawer":1,"rftoolsbase:machine_frame":3,"ironfurnaces:gold_furnace":2,"refinedstorage:16k_storage_part":9,"mekanism:pressurized_reaction_chamber":2,"forbidden_arcanus:obsidian_ingot":0,"mekanism:energized_smelter":15,"exdeorum:diamond_mesh":9,"refinedstorage:quartz_enriched_iron":284,"minecraft:diamond_block":27,"minecraft:glass_pane":5,"refinedstorage:advanced_processor":8,"refinedstorage:destruction_core":6,"forbidden_arcanus:dark_nether_star":1,"minecraft:blue_ice":3,"minecraft:polished_deepslate":16,"exdeorum:string_mesh":15,"minecraft:slime_ball":1,"alltheores:enderium_dust":3,"refinedstorage:silicon":0,"trashcans:item_trash_can":2,"minecraft:netherite_scrap":0,"refinedstorage:1k_storage_part":180,"refinedstorage:1k_storage_disk":1,"minecraft:cooked_beef":0,"minecraft:sugar":10,"pickletweaks:emerald_pickaxe":1,"minecraft:red_dye":97,"exdeorum:stone_barrel":6,"minecraft:bone_block":1,"minecraft:diamond_sword":3,"minecraft:cyan_dye":17,"mekanism:metallurgic_infuser":2,"alltheores:nickel_ingot":0,"pickletweaks:flint_shears":1,"sophisticatedstorage:iron_to_gold_tier_upgrade":3,"mekanism:superheating_element":3,"minecraft:bucket":36,"occultism:book_of_binding_bound_afrit":1,"minecraft:bread":117,"minecraft:air":11660,"refinedstorage:fluid_grid":1,"minecraft:blue_dye":88,"minecraft:white_wool":8,"framedblocks:framed_cube":115,"mekanism:basic_energy_cube":1,"minecraft:gold_nugget":19,"mekanism:upgrade_energy":80,"darkutils:charm_sleep":1,"alltheores:lumium_ingot":0,"refinedstorage:construction_core":4,"exmachinis:flux_hammer":9,"alltheores:raw_aluminum":2,"framedblocks:framed_threeway_corner_pillar":4,"minecraft:lapis_lazuli":27,"minecraft:lapis_block":3},"minecraft:used":{"mekanism:upgrade_gas":2,"trashcans:item_trash_can":6,"rftoolspower:coalgenerator":3,"minecraft:stone":9,"occultism:chalk_purple":203,"minecraft:soul_sand":111,"fluxnetworks:flux_plug":1,"mekanism:basic_energy_cube":3,"minecraft:packed_ice":1,"occultism:butcher_knife":18,"minecraft:lava_bucket":53,"chipped:bordered_netherrack":90,"summoningrituals:altar":1,"minecraft:netherite_boots":1,"occultism:chalk_white":1206,"minecraft:oak_sapling":104,"mekanismgenerators:gas_burning_generator":14,"minecraft:chorus_fruit":3,"occultism:datura_seeds":10,"minecraft:cactus":5,"minecraft:blackstone":6,"minecraft:leather_chestplate":1,"minecraft:fox_spawn_egg":1,"minecraft:clay":4,"mekanism:basic_infusing_factory":2,"rftoolsutility:crafter3":12,"sophisticatedstorage:basic_to_iron_tier_upgrade":3,"ironfurnaces:heater":3,"sophisticatedstorage:chest":5,"alltheores:aluminum_ore":64,"minecraft:diamond_sword":836,"minecraft:smithing_table":3,"exmachinis:flux_sieve":20,"minecraft:oak_trapdoor":8,"ironfurnaces:gold_furnace":2,"exdeorum:compressed_diamond_hammer":335,"exdeorum:crook":1486,"minecraft:torch":142,"exdeorum:witch_water_bucket":4,"allthecompressed:netherrack_1x":4,"sophisticatedstorage:diamond_chest":17,"minecraft:barrel":13,"chipped:massive_cobblestone_bricks":8095,"minecraft:diamond_chestplate":7,"minecraft:basalt":8,"cobblefordays:tier_1":4,"forbidden_arcanus:orb_of_temporary_flight":4,"chipped:overlapping_deepslate_tiles":7,"constructionwand:diamond_wand":530,"minecraft:wheat_seeds":22,"xycraft_machines:extractor":3,"minecraft:gold_ore":58,"minecraft:deepslate_bricks":35,"minecraft:campfire":1,"minecraft:white_bed":3,"occultism:datura":6,"exdeorum:compressed_crushed_netherrack":4,"alchemistry:atomizer":1,"minecraft:diamond_pickaxe":4308,"ironfurnaces:netherite_furnace":4,"tombstone:magic_scroll":1,"minecraft:spruce_sapling":10,"chipped:small_deepslate_bricks":77,"minecraft:potion":2,"minecraft:dandelion":1,"chipped:curly_cobblestone_pillar":8,"minecraft:diamond_leggings":1,"rechiseled:stone_smooth_large_tiles":3,"minecraft:red_sand":36,"mekanism:basic_fluid_tank":1,"pickletweaks:emerald_pickaxe":1319,"minecraft:mutton":5,"occultism:sacrificial_bowl":43,"mekanism:chemical_injection_chamber":14,"refinedstorage:controller":4,"minecraft:obsidian":22,"integrateddynamics:squeezer":2,"mekanism:alloy_reinforced":8,"pipez:item_pipe":132,"ars_nouveau:sourceberry_bush":8,"minecraft:skeleton_skull":5,"chipped:bordered_deepslate":54,"minecraft:diamond_boots":3,"minecraft:wither_skeleton_skull":13,"silentgear:nether_banana":3,"minecraft:stone_pickaxe":76,"minecraft:oak_planks":19,"chipped:edged_deepslate_bricks":480,"minecraft:diamond_axe":645,"minecraft:sugar_cane":4,"occultism:otherworld_sapling_natural":6,"minecraft:end_stone":343,"mekanism:superheating_element":6,"waystones:waystone":3,"mekanism:crusher":25,"mekanism:metallurgic_infuser":7,"tombstone:grave_key":18,"minecraft:deepslate":64,"exmachinis:flux_hammer":24,"mysticalagriculture:inferium_axe":650,"functionalstorage:oak_1":20,"exdeorum:compressed_stone_hammer":1160,"mekanism:basic_smelting_factory":1,"minecraft:bone_meal":29,"cookingforblockheads:sink":12,"framedblocks:framed_chest":3,"minecraft:netherite_sword":12,"sophisticatedstorage:gold_to_netherite_tier_upgrade":1,"mekanism:enrichment_chamber":21,"minecraft:flint_and_steel":3,"framedblocks:framed_stairs":458,"thermal:device_rock_gen":9,"minecraft:stone_hoe":5,"gateways:gate_pearl":2,"minecraft:dirt":206,"cobblefordays:tier_2":5,"occultism:divination_rod":5,"minecraft:wooden_axe":80,"cobblefordays:tier_5":1,"exdeorum:stone_hammer":811,"minecraft:soul_soil":1,"minecraft:cooked_beef":33,"framedblocks:framed_trapdoor":2,"pipez:fluid_pipe":72,"fluxnetworks:flux_point":3,"minecraft:baked_potato":71,"minecraft:brown_mushroom":4,"exdeorum:stone_barrel":19,"exdeorum:dust":1689,"minecraft:wooden_hoe":1,"craftingstation:crafting_station":2,"mekanism:energized_smelter":14,"exdeorum:diamond_hammer":65,"pipez:gas_pipe":11,"chipped:overlapping_cobblestone_tiles":727,"rechiseled:cobblestone_pulverized_connecting":69,"chipped:ornate_cobblestone_pillar":941,"minecraft:elytra":6,"minecraft:chest":25,"occultism:chalk_gold":346,"sophisticatedstorage:netherite_chest":2,"alltheores:lead_ore":64,"constructionwand:infinity_wand":234,"itemcollectors:basic_collector":11,"minecraft:copper_ore":71,"absentbydesign:stairs_glass":4,"ironfurnaces:iron_furnace":1,"redstone_arsenal:flux_bow":18,"minecraft:furnace":2,"minecraft:egg":7,"minecraft:potato":19,"mekanism:advanced_universal_cable":56,"minecraft:diorite":6,"minecraft:end_stone_bricks":4,"minecraft:sand":113,"mekanism:elite_universal_cable":15,"minecraft:blue_ice":3,"framedblocks:framing_saw":2,"chipped:cut_cobblestone_column":228,"occultism:spirit_attuned_crystal":4,"sophisticatedstorage:gold_to_diamond_tier_upgrade":1,"minecraft:wooden_sword":8,"minecraft:iron_bars":10,"framedblocks:framed_slab":19,"chipped:bordered_cobblestone":62,"minecraft:mycelium":22,"farmingforblockheads:market":1,"minecraft:netherrack":318,"minecraft:stick":3,"minecraft:ancient_debris":1,"alltheores:silver_ore":75,"chipped:edged_cobblestone_bricks":38,"alchemistry:compactor":1,"utilitarian:snad":15,"mekanism:purification_chamber":19,"alltheores:tin_ore":74,"minecraft:beef":5,"mekanism:upgrade_energy":18,"minecraft:blaze_rod":1,"tombstone:gift":6,"torchmaster:megatorch":7,"minecraft:cobbled_deepslate":2,"exdeorum:oak_sieve":21,"minecraft:water_bucket":94,"chipped:tiled_cobblestone_column":1004,"minecraft:fletching_table":1,"minecraft:oak_slab":1,"minecraft:crafting_table":4,"mekanism:basic_enriching_factory":1,"chipped:thick_inlayed_cobblestone":32,"minecraft:cake":2,"minecraft:oak_log":18,"minecraft:cornflower":3,"allthecompressed:sand_1x":186,"allthecompressed:gravel_1x":355,"refinedstorage:crafting_grid":4,"occultism:candle_white":35,"minecraft:cobblestone":1777,"occultism:golden_sacrificial_bowl":5,"minecraft:iron_sword":92,"allthecompressed:cobblestone_1x":951,"mekanism:basic_mechanical_pipe":3,"minecraft:nether_bricks":1,"mekanism:basic_universal_cable":44,"minecraft:glass":9,"framedblocks:framed_threeway_corner_pillar":4,"minecraft:cyan_terracotta":5,"alchemistry:combiner":1,"mekanismgenerators:wind_generator":4,"mekanism:basic_tier_installer":7,"chipped:ornate_andesite_pillar":198,"minecraft:stone_bricks":1,"minecraft:magma_block":2,"minecraft:beetroot_seeds":1,"refinedstorage:disk_drive":3,"refinedstorage:fluid_grid":2,"minecraft:ender_pearl":39,"framedblocks:framed_wall":49,"alltheores:nickel_ore":75,"enderio:dark_steel_sword":14,"sophisticatedstorage:iron_to_gold_tier_upgrade":2,"exdeorum:oak_barrel":34,"mekanism:upgrade_speed":13,"framedblocks:framed_divided_stairs":4,"minecraft:gravel":5435,"croptopia:toast":79,"minecraft:andesite":9,"exdeorum:crushed_end_stone":81,"exdeorum:mycelium_spores":1,"framedblocks:framed_fence":4,"alchemistry:liquifier":1,"minecraft:diamond_helmet":1,"alltheores:osmium_ore":69,"exdeorum:silk_worm":14,"minecraft:granite":5,"mekanism:alloy_infused":2,"functionalstorage:simple_compacting_drawer":4,"framedblocks:framed_pillar":12,"alchemistry:dissolver":1,"framedblocks:framed_vertical_double_half_stairs":1,"exdeorum:porcelain_crucible":5,"mekanism:electrolytic_separator":2,"mekanism:pressurized_reaction_chamber":6,"tombstone:scroll_of_knowledge":5,"minecraft:iron_ore":191,"minecraft:polished_andesite":21,"framedblocks:framed_cube":97,"minecraft:stonecutter":2,"chipped:mason_table":3,"occultism:brush":41,"tombstone:bag_of_seeds":2,"refinedstorage:cable":69,"sophisticatedstorage:copper_chest":1,"alltheores:zinc_ore":61,"ironfurnaces:emerald_furnace":7,"minecraft:bucket":260,"chipped:polished_cobblestone":24,"minecraft:smooth_stone":318},"minecraft:mined":{"occultism:spirit_fire":1,"minecraft:white_bed":1,"mysticalagradditions:end_prosperity_ore":2,"minecraft:granite":5,"mekanism:purification_chamber":4,"supplementaries:blaze_rod":1,"minecraft:nether_wart":9,"allthecompressed:sand_1x":186,"minecraft:magma_block":1,"minecraft:cobbled_deepslate":2,"minecraft:barrel":12,"minecraft:fire":19,"pipez:fluid_pipe":44,"minecraft:fletching_table":1,"occultism:otherworld_leaves_natural":56,"alltheores:nickel_ore":75,"absentbydesign:stairs_glass":4,"mekanism:basic_enriching_factory":1,"mekanism:basic_infusing_factory":2,"mekanism:enrichment_chamber":4,"exmachinis:flux_hammer":15,"ironfurnaces:iron_furnace":2,"minecraft:torch":12,"sophisticatedstorage:diamond_chest":8,"minecraft:sugar_cane":10,"alltheores:tin_ore":74,"minecraft:grass":138,"minecraft:deepslate":64,"minecraft:mossy_cobblestone":32,"sophisticatedstorage:iron_chest":1,"minecraft:end_stone":518,"rechiseled:stone_smooth_large_tiles":3,"minecraft:red_mushroom":2,"occultism:sacrificial_bowl":20,"minecraft:andesite":8,"alltheores:silver_ore":75,"minecraft:oak_slab":1,"minecraft:soul_sand":19,"minecraft:dandelion":20,"minecraft:cornflower":2,"exmachinis:flux_sieve":16,"minecraft:campfire":1,"minecraft:tall_grass":31,"minecraft:copper_ore":71,"minecraft:diorite":6,"craftingstation:crafting_station":1,"mekanism:pressurized_reaction_chamber":4,"summoningrituals:altar":1,"minecraft:gravel":135,"minecraft:stone_bricks":1,"minecraft:gold_ore":58,"minecraft:oak_sapling":1,"alltheores:raw_aluminum_block":2,"minecraft:farmland":20,"chipped:overlapping_deepslate_tiles":7,"minecraft:brewing_stand":1,"pipez:gas_pipe":7,"integrateddynamics:squeezer":1,"thermal:device_rock_gen":5,"framedblocks:framed_threeway_corner_pillar":4,"framedblocks:framed_pillar":6,"cobblefordays:tier_1":4,"framedblocks:framing_saw":1,"supplementaries:stick":3,"minecraft:iron_bars":3,"exdeorum:oak_sieve":20,"framedblocks:framed_divided_stairs":4,"occultism:candle_white":20,"chipped:edged_deepslate_bricks":227,"fluxnetworks:flux_point":1,"framedblocks:framed_stairs":119,"ironfurnaces:emerald_furnace":7,"rftoolsutility:crafter3":10,"minecraft:oak_planks":18,"minecraft:wall_torch":1,"framedblocks:framed_chest":3,"cobblefordays:tier_2":4,"minecraft:blue_ice":1,"minecraft:oak_log":266,"minecraft:beetroots":1,"minecraft:dirt":89,"occultism:otherworld_log_natural":28,"refinedstorage:controller":3,"minecraft:ancient_debris":1,"ironfurnaces:heater":2,"framedblocks:framed_slab":3,"alltheores:zinc_ore":61,"chipped:curly_cobblestone_pillar":8,"chipped:mason_table":2,"torchmaster:megatorch":3,"minecraft:brown_mushroom_block":225,"rftoolspower:coalgenerator":3,"functionalstorage:simple_compacting_drawer":3,"mekanism:basic_fluid_tank":1,"mekanism:elite_universal_cable":2,"minecraft:basalt":8,"pipez:item_pipe":64,"chipped:massive_cobblestone_bricks":454,"sophisticatedstorage:copper_chest":1,"itemcollectors:basic_collector":10,"cookingforblockheads:sink":9,"alltheores:end_aluminum_ore":1,"mekanismgenerators:wind_generator":1,"minecraft:obsidian":49,"minecraft:deepslate_bricks":9,"refinedstorage:crafting_grid":2,"chipped:cut_cobblestone_column":226,"rechiseled:cobblestone_pulverized_connecting":65,"chipped:bordered_netherrack":59,"xycraft_machines:extractor":1,"minecraft:brown_mushroom":5,"chipped:overlapping_cobblestone_tiles":30,"mysticalagradditions:end_inferium_ore":13,"framedblocks:framed_cube":62,"minecraft:glass":9,"minecraft:skeleton_skull":1,"minecraft:wheat":7,"exdeorum:dust":3,"exdeorum:oak_barrel":17,"allthecompressed:cobblestone_1x":951,"minecraft:red_mushroom_block":90,"minecraft:stonecutter":1,"flowerpatch:cornflower_patch":4,"chipped:thick_inlayed_cobblestone":23,"alltheores:osmium_ore":69,"chipped:polished_cobblestone":18,"functionalstorage:oak_1":12,"minecraft:nether_bricks":20,"chipped:ornate_andesite_pillar":155,"framedblocks:framed_wall":7,"alltheores:lead_ore":64,"mekanism:superheating_element":4,"minecraft:potatoes":17,"mekanismgenerators:gas_burning_generator":5,"alltheores:aluminum_ore":64,"framedblocks:framed_vertical_double_half_stairs":1,"minecraft:smithing_table":2,"mekanism:crusher":8,"exdeorum:infested_leaves":811,"mekanism:basic_energy_cube":1,"occultism:golden_sacrificial_bowl":3,"flowerpatch:dandelion_patch":2,"minecraft:spruce_log":142,"minecraft:mycelium":5,"mekanism:advanced_universal_cable":4,"minecraft:grass_block":76,"minecraft:soul_soil":1,"occultism:datura":9,"minecraft:smooth_stone":317,"framedblocks:framed_fence":4,"ironfurnaces:gold_furnace":2,"minecraft:iron_ore":191,"minecraft:azure_bluet":1,"minecraft:end_stone_bricks":6,"minecraft:cyan_terracotta":2,"minecraft:blackstone":6,"minecraft:clay":4,"minecraft:chest":19,"minecraft:mushroom_stem":35,"minecraft:cobblestone":1720,"refinedstorage:disk_drive":2,"exdeorum:stone_barrel":15,"minecraft:purpur_block":1,"minecraft:sand":112,"chipped:bordered_deepslate":54,"minecraft:wither_skeleton_skull":1,"mekanism:basic_universal_cable":10,"minecraft:netherrack":317,"minecraft:oak_leaves":782,"trashcans:item_trash_can":4,"mekanism:basic_mechanical_pipe":1,"sophisticatedstorage:netherite_chest":2,"refinedstorage:cable":55,"chipped:ornate_cobblestone_pillar":231,"exdeorum:compressed_crushed_netherrack":4,"minecraft:oak_trapdoor":4,"minecraft:spruce_sapling":2,"minecraft:furnace":1,"chipped:edged_cobblestone_bricks":38,"ironfurnaces:netherite_furnace":2,"draconicevolution:end_draconium_ore":2,"minecraft:packed_ice":1,"minecraft:stone":9,"exdeorum:porcelain_crucible":3,"utilitarian:snad":10,"minecraft:crafting_table":3,"chipped:tiled_cobblestone_column":387,"allthecompressed:gravel_1x":355,"mekanism:metallurgic_infuser":3,"chipped:bordered_cobblestone":59,"allthecompressed:netherrack_1x":4,"minecraft:cactus":4,"refinedstorage:fluid_grid":1,"minecraft:polished_andesite":21},"minecraft:custom":{"minecraft:interact_with_crafting_table":718,"minecraft:play_time":2880186,"minecraft:deaths":38,"minecraft:jump":15700,"tombstone:kill_undead_boss":2,"tombstone:undead_killed":155,"minecraft:time_since_rest":1,"minecraft:swim_one_cm":4853,"minecraft:open_chest":2578,"minecraft:damage_resisted":4136,"minecraft:talked_to_villager":72,"minecraft:interact_with_brewingstand":1,"tombstone:villager_killed":3,"minecraft:damage_dealt_resisted":131,"minecraft:damage_taken":53254,"minecraft:aviate_one_cm":1641629,"minecraft:open_barrel":349,"minecraft:eat_cake_slice":10,"minecraft:leave_game":36,"minecraft:time_since_death":784517,"minecraft:interact_with_furnace":714,"minecraft:traded_with_villager":18,"minecraft:sleep_in_bed":41,"minecraft:waystone_activated":6,"minecraft:damage_dealt":92953,"minecraft:interact_with_smithing_table":7,"minecraft:sneak_time":97940,"minecraft:total_world_time":2880186,"minecraft:interact_with_stonecutter":3,"minecraft:use_wand":12061,"minecraft:fly_one_cm":7590756,"minecraft:fall_one_cm":1784404,"lootr:looted_stat":12,"minecraft:sprint_one_cm":1995686,"minecraft:drop":1602,"minecraft:walk_on_water_one_cm":25690,"minecraft:open_enderchest":1,"minecraft:crouch_one_cm":356808,"minecraft:mob_kills":349,"minecraft:walk_one_cm":2926709,"gateways:gates_defeated":2,"minecraft:walk_under_water_one_cm":19581},"minecraft:picked_up":{"minecraft:smithing_table":2,"minecraft:lead":18,"xycraft_world:xychorium_storage_green":5,"minecraft:string":360,"chipped:bordered_deepslate":4,"minecraft:diamond_leggings":2,"alltheores:nickel_ingot":15,"wstweaks:fragment":147,"minecraft:diamond_ore":1,"thermal:sadiroot_seeds":5,"mysticalagriculture:prosperity_shard":2657,"minecraft:golden_chestplate":1,"minecraft:stone_sword":15,"supplementaries:ash":41,"ars_nouveau:sourceberry_bush":1,"chipped:ornate_andesite_pillar":6,"minecraft:blaze_rod":13,"chipped:bordered_netherrack":47,"minecraft:iron_bars":18,"minecraft:feather":12,"forbidden_arcanus:dragon_scale":3,"minecraft:flint":677,"trashcans:item_trash_can":4,"exdeorum:nickel_ore_chunk":408,"tombstone:familiar_receptacle":2,"ironfurnaces:item_heater":6,"minecraft:stonecutter":1,"mekanism:basic_infusing_factory":2,"mysticalagriculture:soulium_dust":504,"minecraft:diamond_helmet":1,"exdeorum:flint_mesh":16,"mysticalagradditions:withering_soul":2,"occultism:crushed_end_stone":2,"alltheores:osmium_ore":12,"minecraft:polished_andesite":15,"thermal:device_rock_gen":5,"exdeorum:diamond_mesh":15,"minecraft:deepslate":66,"framedblocks:framed_stairs":118,"minecraft:diamond_pickaxe":3,"exdeorum:gold_ore_chunk":370,"minecraft:clay_ball":16,"minecraft:purpur_block":1,"minecraft:cornflower":18,"exdeorum:granite_pebble":215,"pipez:advanced_upgrade":1,"mekanism:pressurized_reaction_chamber":5,"occultism:otherworld_log":12,"minecraft:glass_pane":34,"occultism:otherworld_sapling_natural":20,"minecraft:netherite_sword":1,"exdeorum:zinc_ore_chunk":348,"minecraft:birch_sapling":16,"minecraft:copper_ore":8,"minecraft:stone":4,"pipez:item_pipe":61,"occultism:chalk_gold":1,"mekanism:crusher":9,"minecraft:diamond_chestplate":4,"minecraft:hay_block":32,"exdeorum:andesite_pebble":224,"alltheores:iron_dust":67,"sophisticatedbackpacks:copper_backpack":1,"minecraft:mutton":11,"projecte:low_covalence_dust":40,"rftoolspower:coalgenerator":3,"mekanismgenerators:gas_burning_generator":7,"pickletweaks:flint_shears":1,"minecraft:apple":78,"exdeorum:stone_pebble":1615,"tombstone:bag_of_seeds":1,"exdeorum:deepslate_pebble":313,"exdeorum:lead_ore_chunk":412,"alltheores:zinc_ore":15,"forcecraft:recovery_heart":12,"xycraft_world:xychorium_storage_red":5,"minecraft:diamond_shovel":1,"cookingforblockheads:sink":9,"minecraft:coal_ore":1,"exdeorum:aluminum_ore_chunk":366,"immersiveengineering:seed":17,"mekanism:advanced_universal_cable":21,"chipped:edged_deepslate_bricks":57,"ars_nouveau:caster_tome":1,"chipped:thick_inlayed_cobblestone":38,"exdeorum:netherite_mesh":2,"mekanism:purification_chamber":4,"alltheores:silver_ore":12,"reliquary:zombie_heart":3,"minecraft:red_sand":36,"minecraft:smooth_stone":5,"minecraft:bucket":1,"minecraft:ender_eye":6,"minecraft:diorite":6,"chipped:overlapping_deepslate_tiles":31,"occultism:otherworld_ashes":12,"minecraft:rotten_flesh":76,"summoningrituals:altar":1,"minecraft:chorus_flower":5,"reliquary:mob_charm_fragment":2,"exdeorum:crook":3,"minecraft:obsidian":202,"minecraft:blaze_powder":92,"minecraft:cobblestone":2884,"occultism:golden_sacrificial_bowl":3,"exdeorum:osmium_ore_chunk":424,"occultism:datura_seeds":106,"exdeorum:stone_barrel":15,"exdeorum:basalt_pebble":233,"minecraft:leather_chestplate":1,"minecraft:andesite":6,"minecraft:golden_leggings":1,"minecraft:potato":200,"minecraft:dirt":310,"mekanism:dust_obsidian":8,"alltheores:raw_tin":74,"xycraft_world:xychorium_storage_dark":5,"minecraft:glass":28,"minecraft:bone":80,"chipped:tiled_cobblestone_column":567,"itemcollectors:basic_collector":9,"minecraft:wheat_seeds":467,"everlastingabilities:ability_totem":4,"occultism:taboo_book":8,"forcecraft:pile_of_gunpowder":2,"minecraft:fletching_table":1,"alltheores:tin_ore":18,"minecraft:bamboo":53,"exmachinis:diamond_upgrade":9,"integrateddynamics:squeezer":1,"exdeorum:crushed_end_stone":55,"minecraft:mossy_cobblestone":32,"mekanism:basic_control_circuit":1,"framedblocks:framed_chest":3,"alltheores:raw_nickel":75,"xycraft_world:xychorium_gem_light":98,"minecraft:slime_block":1,"waystones:waystone":2,"alltheores:raw_aluminum":65,"minecraft:bone_meal":285,"minecraft:emerald":170,"mekanism:superheating_element":3,"minecraft:netherrack":215,"minecraft:chorus_fruit":8,"minecraft:oak_leaves":42,"fluxnetworks:flux_dust":256,"mekanism:clump_iron":4,"minecraft:azure_bluet":1,"minecraft:brown_mushroom":75,"exdeorum:oak_barrel":19,"minecraft:oak_trapdoor":4,"minecraft:blackstone":22,"sophisticatedstorage:iron_chest":2,"minecraft:end_stone":524,"framedblocks:framed_pillar":6,"croptopia:soybean_seed":6,"sophisticatedstorage:copper_chest":1,"minecraft:nether_bricks":19,"ae2:certus_quartz_dust":156,"exdeorum:diorite_pebble":219,"xycraft_world:xychorium_storage_light":5,"minecraft:skeleton_skull":5,"chipped:cut_cobblestone_column":196,"minecraft:basalt":3,"minecraft:leather":21,"minecraft:ice":2,"framedblocks:framed_threeway_corner_pillar":4,"minecraft:gunpowder":1483,"draconicevolution:dragon_heart":1,"mekanism:enrichment_chamber":5,"mekanism:salt":230,"ae2:sky_dust":164,"pipez:gas_pipe":7,"exdeorum:oak_sieve":28,"minecraft:iron_ingot":419,"refinedstorage:cable":55,"functionalstorage:simple_compacting_drawer":3,"chipped:polished_cobblestone":18,"occultism:book_of_binding_bound_foliot":7,"minecraft:quartz":7,"minecraft:dandelion":32,"minecraft:amethyst_shard":287,"occultism:spirit_attuned_crystal":1,"ironfurnaces:augment_blasting":1,"mekanismgenerators:wind_generator":2,"minecraft:pumpkin_seeds":1,"minecraft:cherry_sapling":4,"sophisticatedstorage:diamond_chest":8,"ironfurnaces:emerald_furnace":7,"alltheores:copper_ore_hammer":1,"alltheores:raw_aluminum_block":2,"exdeorum:dust":1784,"minecraft:diamond_sword":1,"minecraft:wither_rose":18,"exdeorum:iron_ore_chunk":791,"refinedstorage:controller":3,"minecraft:brewing_stand":1,"minecraft:golden_sword":14,"exdeorum:grass_seeds":8,"minecraft:soul_soil":1,"thermal:barley_seeds":1,"minecraft:beetroot":98,"minecraft:cobbled_deepslate":65,"mysticalagriculture:inferium_essence":164,"minecraft:gold_nugget":31,"mekanism:basic_universal_cable":26,"minecraft:netherite_upgrade_smithing_template":1,"chipped:overlapping_cobblestone_tiles":40,"occultism:otherstone":140,"absentbydesign:stairs_glass":3,"refinedstorage:disk_drive":2,"chipped:edged_cobblestone_bricks":21,"minecraft:iron_block":5,"minecraft:cyan_terracotta":2,"thermal:radish_seeds":1,"minecraft:netherite_chestplate":2,"mekanism:basic_fluid_tank":1,"minecraft:magma_block":1,"enderio:grains_of_infinity":187,"reliquary:molten_core":2,"minecraft:netherite_leggings":1,"occultism:awakened_feather":6,"reliquary:nebulous_heart":3,"pipez:fluid_pipe":45,"projecte:high_covalence_dust":40,"minecraft:glowstone_dust":1594,"minecraft:moss_block":1,"mekanism:metallurgic_infuser":5,"rechiseled:cobblestone_pulverized_connecting":66,"xycraft_world:xychorium_gem_red":91,"exmachinis:flux_hammer":15,"thermal:onion_seeds":2,"xycraft_world:xychorium_gem_dark":90,"minecraft:barrel":10,"minecraft:bundle":3,"mekanism:basic_mechanical_pipe":3,"ironfurnaces:heater":2,"thermal:eggplant_seeds":2,"exdeorum:copper_ore_chunk":525,"chipped:bordered_cobblestone":53,"alltheores:steel_ingot":6,"minecraft:crafting_table":3,"occultism:chalk_white":1,"minecraft:nether_wart":886,"mekanism:alloy_infused":63,"alltheores:nickel_dust":33,"refinedstorage:crafting_grid":2,"exdeorum:iron_mesh":10,"minecraft:beef":9,"minecraft:iron_nugget":27,"allthecompressed:cobblestone_1x":15,"minecraft:chest":19,"xycraft_machines:extractor":1,"minecraft:egg":9,"chipped:mason_table":2,"framedblocks:framed_divided_stairs":4,"alltheores:raw_zinc":61,"mekanism:elite_universal_cable":7,"minecraft:carrot":72,"minecraft:redstone":214,"exmachinis:flux_sieve":16,"exdeorum:silk_worm":23,"minecraft:beetroot_seeds":5,"ironfurnaces:gold_furnace":2,"exmachinis:gold_upgrade":2,"minecraft:deepslate_bricks":45,"minecraft:diamond_boots":1,"tombstone:essence_of_undeath":1,"minecraft:gold_ingot":62,"alltheores:raw_osmium":69,"minecraft:white_wool":10,"minecraft:red_mushroom":44,"forcecraft:force_gem":211,"minecraft:oak_log":606,"minecraft:ancient_debris":1,"minecraft:golden_boots":3,"framedblocks:framed_slab":3,"minecraft:stone_bricks":2,"minecraft:iron_sword":1,"rftoolsutility:crafter3":10,"minecraft:gravel":9477,"refinedstorage:fluid_grid":1,"minecraft:spruce_sapling":33,"minecraft:spruce_log":128,"projecte:medium_covalence_dust":44,"exdeorum:silver_ore_chunk":397,"forbidden_arcanus:arcane_crystal":83,"alltheores:raw_silver":75,"framedblocks:framed_vertical_double_half_stairs":1,"thermal:amaranth_seeds":3,"minecraft:melon_seeds":8,"minecraft:ender_pearl":66,"minecraft:shulker_shell":7,"exdeorum:mycelium_spores":5,"minecraft:wheat":227,"mekanism:electrolytic_separator":1,"tombstone:grave_key":1,"silentgear:sinew":4,"minecraft:raw_copper":243,"craftingstation:crafting_station":1,"sophisticatedstorage:netherite_chest":2,"occultism:chalk_purple":1,"occultism:tallow":28,"cobblefordays:tier_1":4,"chipped:curly_cobblestone_pillar":8,"draconicevolution:draconium_dust":62,"thermal:spinach_seeds":1,"xycraft_world:xychorium_gem_green":94,"framedblocks:framed_wall":6,"minecraft:furnace":1,"minecraft:iron_boots":6,"mekanism:substrate":1,"minecraft:stick":266,"apotheosis:gem":18,"minecraft:torch":35,"minecraft:porkchop":18,"tombstone:grave_dust":32,"minecraft:pointed_dripstone":114,"minecraft:cactus":195,"chipped:ornate_cobblestone_pillar":233,"silentgear:leather_scrap":10,"thermal:corn_seeds":2,"xycraft_world:kivi":128,"exdeorum:tin_ore_chunk":503,"occultism:datura":44,"mekanism:basic_enriching_factory":1,"minecraft:wither_skeleton_skull":4,"minecraft:lapis_lazuli":568,"occultism:spirit_attuned_gem":32,"minecraft:raw_gold":80,"tombstone:scroll_of_reach":2,"minecraft:oak_planks":32,"minecraft:stone_hoe":1,"ironfurnaces:iron_furnace":2,"framedblocks:framing_saw":1,"minecraft:ghast_tear":1036,"minecraft:cooked_porkchop":3,"alltheores:raw_lead":64,"minecraft:poisonous_potato":1,"torchmaster:megatorch":4,"minecraft:sand":3329,"forbidden_arcanus:ender_pearl_fragment":174,"minecraft:clay":29,"minecraft:diamond":338,"cobblefordays:tier_2":4,"minecraft:oak_sapling":235,"minecraft:nether_star":2,"minecraft:end_stone_bricks":6,"functionalstorage:oak_1":12,"minecraft:charcoal":2,"minecraft:chicken":6,"occultism:purified_ink":19,"chipped:massive_cobblestone_bricks":311,"exdeorum:blackstone_pebble":213,"minecraft:wooden_sword":1,"exdeorum:string_mesh":12,"exdeorum:golden_mesh":19,"rechiseled:stone_smooth_large_tiles":2,"framedblocks:framed_cube":62,"minecraft:sugar_cane":297,"minecraft:dark_oak_sapling":16,"minecraft:raw_iron":191,"exdeorum:porcelain_crucible":3,"xycraft_world:xychorium_ore_stone_dark":1,"croptopia:knife":1,"mekanism:basic_energy_cube":2,"framedblocks:framed_fence":4,"minecraft:arrow":6,"occultism:otherworld_leaves_natural":56,"xycraft_world:xychorium_gem_blue":107,"exdeorum:crushed_netherrack":36,"minecraft:wooden_hoe":1,"occultism:candle_white":20,"fluxnetworks:flux_point":1,"refinedstorage:basic_processor":22,"minecraft:soul_sand":39,"minecraft:acacia_sapling":8,"minecraft:green_dye":17,"minecraft:oak_slab":6,"occultism:sacrificial_bowl":20,"minecraft:white_bed":2,"minecraft:gold_ore":12,"minecraft:spider_eye":19,"thermal:rice_seeds":1,"utilitarian:snad":11,"tombstone:magic_scroll":4,"xycraft_world:xychorium_storage_blue":5,"minecraft:coal":757,"ironfurnaces:netherite_furnace":2}},"DataVersion":3465}