{"stats":{"minecraft:mined":{"minecraft:grass":1},"minecraft:custom":{"minecraft:jump":24,"minecraft:time_since_rest":3752,"minecraft:crouch_one_cm":81,"lootr:looted_stat":2,"minecraft:sprint_one_cm":6531,"minecraft:play_time":3752,"minecraft:walk_on_water_one_cm":1139,"minecraft:time_since_death":3752,"minecraft:walk_one_cm":11893,"minecraft:sneak_time":26,"minecraft:interact_with_smoker":1,"minecraft:total_world_time":3752,"minecraft:walk_under_water_one_cm":525,"minecraft:hex":0,"minecraft:swim_one_cm":6168,"minecraft:fly_one_cm":3245}},"DataVersion":3465}