{"stats":{"minecraft:used":{"minecraft:chest":2,"exdeorum:crook":663,"allthecompressed:cobblestone_1x":16,"minecraft:torch":5,"minecraft:dirt":1,"cobblefordays:tier_2":2,"exdeorum:silk_worm":5,"minecraft:granite":5,"functionalstorage:simple_compacting_drawer":2,"minecraft:wooden_axe":80,"minecraft:lava_bucket":6,"exdeorum:porcelain_crucible":1,"minecraft:basalt":8,"exdeorum:stone_hammer":811,"minecraft:oak_sapling":13,"minecraft:furnace":1,"minecraft:cooked_beef":3,"minecraft:cobbled_deepslate":2,"exdeorum:oak_sieve":11,"minecraft:water_bucket":12,"minecraft:diorite":6,"minecraft:iron_ore":3,"minecraft:stone_pickaxe":54,"minecraft:polished_andesite":21,"minecraft:blackstone":6,"minecraft:clay":4,"minecraft:sand":107,"minecraft:crafting_table":1,"minecraft:campfire":1,"exdeorum:dust":111,"exdeorum:oak_barrel":4,"minecraft:gravel":557,"minecraft:cobblestone":250,"minecraft:andesite":7,"minecraft:bucket":17,"exdeorum:compressed_stone_hammer":11},"minecraft:broken":{"exdeorum:crook":4},"minecraft:custom":{"minecraft:interact_with_crafting_table":63,"minecraft:leave_game":3,"minecraft:time_since_death":128922,"minecraft:sprint_one_cm":2350,"minecraft:walk_one_cm":115315,"minecraft:drop":112,"minecraft:play_time":128922,"minecraft:sneak_time":18077,"minecraft:walk_under_water_one_cm":114,"minecraft:jump":324,"minecraft:walk_on_water_one_cm":5016,"minecraft:total_world_time":128922,"minecraft:interact_with_furnace":25,"minecraft:time_since_rest":128922,"minecraft:damage_taken":170,"minecraft:fly_one_cm":1107,"minecraft:swim_one_cm":420,"minecraft:open_chest":54,"minecraft:crouch_one_cm":59466,"minecraft:fall_one_cm":4538},"minecraft:mined":{"minecraft:grass_block":5,"minecraft:iron_ore":3,"minecraft:fire":5,"minecraft:andesite":3,"functionalstorage:simple_compacting_drawer":1,"exdeorum:oak_sieve":2,"minecraft:blackstone":1,"exdeorum:infested_leaves":234,"minecraft:basalt":3,"minecraft:clay":4,"minecraft:torch":3,"minecraft:cobblestone":625,"minecraft:diorite":1,"cobblefordays:tier_2":1,"exdeorum:dust":1,"minecraft:oak_log":62,"exdeorum:oak_barrel":2,"minecraft:sand":107,"minecraft:gravel":120,"allthecompressed:cobblestone_1x":11,"minecraft:polished_andesite":1,"minecraft:oak_leaves":429},"minecraft:dropped":{"exdeorum:basalt_pebble":176,"xycraft_world:xychorium_gem_green":7,"xycraft_world:xychorium_gem_dark":2,"exdeorum:deepslate_pebble":179,"minecraft:cobblestone":17,"minecraft:coal":2,"exdeorum:crook":1,"exdeorum:granite_pebble":147,"minecraft:amethyst_shard":1,"exdeorum:stone_pebble":75,"minecraft:bucket":1,"exdeorum:lead_ore_chunk":1,"enderio:grains_of_infinity":10,"minecraft:redstone":2,"xycraft_world:xychorium_gem_light":5,"exdeorum:string_mesh":2,"xycraft_world:xychorium_gem_blue":4,"minecraft:pointed_dripstone":7,"minecraft:composter":1,"minecraft:glowstone_dust":1,"minecraft:blaze_powder":1,"ae2:sky_dust":1,"xycraft_world:xychorium_gem_red":4,"exdeorum:nickel_ore_chunk":1,"minecraft:gunpowder":1,"exdeorum:tin_ore_chunk":1,"exdeorum:aluminum_ore_chunk":1,"ae2:certus_quartz_dust":1,"exdeorum:diorite_pebble":164,"exdeorum:blackstone_pebble":158,"exdeorum:andesite_pebble":91,"exdeorum:stone_hammer":8},"minecraft:crafted":{"minecraft:oak_planks":70,"functionalstorage:simple_compacting_drawer":1,"minecraft:barrel":1,"minecraft:cobbled_deepslate":2,"minecraft:sand":1,"minecraft:furnace":1,"minecraft:piston":1,"minecraft:stone":9,"exdeorum:unfired_porcelain_crucible":1,"minecraft:bone_meal":1,"minecraft:granite":5,"minecraft:basalt":5,"minecraft:glass":15,"silentgear:rough_rod":7,"exdeorum:string_mesh":11,"minecraft:stone_pickaxe":1,"minecraft:chest":6,"exdeorum:stone_hammer":19,"functionalstorage:oak_1":4,"exdeorum:porcelain_crucible":1,"dankstorage:dank_1":1,"cobblefordays:tier_2":1,"minecraft:oak_slab":4,"exdeorum:oak_barrel":2,"minecraft:crafting_table":1,"minecraft:gravel":1,"exdeorum:compressed_stone_hammer":1,"minecraft:bucket":2,"minecraft:campfire":1,"minecraft:diorite":5,"cobblefordays:tier_1":1,"minecraft:air":805,"exdeorum:crook":8,"exdeorum:porcelain_clay_ball":12,"minecraft:charcoal":1,"minecraft:cobblestone":258,"exdeorum:flint_mesh":9,"minecraft:stick":23,"minecraft:flint":4,"minecraft:iron_ingot":8,"minecraft:blackstone":5,"minecraft:iron_ore":8,"exdeorum:oak_sieve":9,"minecraft:andesite":26,"minecraft:composter":1,"minecraft:polished_andesite":5},"minecraft:picked_up":{"exdeorum:gold_ore_chunk":19,"exdeorum:dust":108,"minecraft:clay_ball":16,"exdeorum:iron_ore_chunk":44,"exdeorum:oak_barrel":2,"exdeorum:blackstone_pebble":178,"minecraft:string":97,"exdeorum:string_mesh":10,"exdeorum:granite_pebble":167,"minecraft:blackstone":1,"minecraft:bucket":1,"exdeorum:zinc_ore_chunk":16,"xycraft_world:xychorium_gem_green":7,"minecraft:stick":16,"minecraft:raw_iron":3,"minecraft:torch":3,"minecraft:pointed_dripstone":55,"minecraft:diorite":1,"minecraft:redstone":6,"exdeorum:silk_worm":10,"xycraft_world:xychorium_gem_blue":4,"ae2:certus_quartz_dust":3,"exdeorum:diorite_pebble":184,"exdeorum:tin_ore_chunk":35,"exdeorum:andesite_pebble":195,"minecraft:blaze_powder":5,"minecraft:cobblestone":37,"exdeorum:osmium_ore_chunk":16,"exdeorum:basalt_pebble":196,"minecraft:basalt":3,"minecraft:andesite":1,"enderio:grains_of_infinity":10,"minecraft:flint":115,"minecraft:oak_log":76,"minecraft:gunpowder":7,"minecraft:dirt":4,"minecraft:lapis_lazuli":17,"exdeorum:nickel_ore_chunk":27,"ae2:sky_dust":7,"minecraft:apple":5,"exdeorum:stone_pebble":1109,"exdeorum:oak_sieve":2,"minecraft:glowstone_dust":5,"functionalstorage:simple_compacting_drawer":1,"exdeorum:deepslate_pebble":191,"exdeorum:lead_ore_chunk":18,"xycraft_world:xychorium_gem_red":4,"minecraft:gravel":547,"exdeorum:flint_mesh":3,"minecraft:sand":118,"minecraft:amethyst_shard":8,"exdeorum:silver_ore_chunk":20,"xycraft_world:xychorium_gem_dark":2,"minecraft:polished_andesite":1,"xycraft_world:xychorium_gem_light":5,"minecraft:clay":2,"exdeorum:aluminum_ore_chunk":22,"cobblefordays:tier_2":1,"minecraft:bone_meal":9,"exdeorum:copper_ore_chunk":42,"minecraft:oak_sapling":56,"minecraft:coal":39}},"DataVersion":3465}