{"stats":{"minecraft:dropped":{"exdeorum:basalt_pebble":176,"xycraft_world:xychorium_gem_green":11,"xycraft_world:xychorium_gem_dark":8,"minecraft:lapis_lazuli":1,"exdeorum:deepslate_pebble":179,"exdeorum:copper_ore_chunk":2,"minecraft:cobblestone":207,"exdeorum:iron_ore_chunk":1,"minecraft:coal":2,"minecraft:stick":2,"minecraft:flint":105,"exdeorum:compressed_stone_hammer":2,"minecraft:amethyst_shard":2,"exdeorum:granite_pebble":147,"exdeorum:crook":1,"minecraft:bucket":1,"exdeorum:stone_pebble":75,"exdeorum:lead_ore_chunk":4,"enderio:grains_of_infinity":15,"minecraft:redstone":2,"xycraft_world:xychorium_gem_light":14,"exdeorum:string_mesh":2,"xycraft_world:xychorium_gem_blue":6,"minecraft:composter":1,"minecraft:pointed_dripstone":7,"minecraft:glowstone_dust":1,"minecraft:blaze_powder":1,"ae2:sky_dust":5,"xycraft_world:xychorium_gem_red":6,"exdeorum:nickel_ore_chunk":1,"minecraft:stone":3,"minecraft:gunpowder":1,"exdeorum:tin_ore_chunk":2,"exdeorum:aluminum_ore_chunk":2,"ae2:certus_quartz_dust":4,"forbidden_arcanus:arcane_crystal":4,"exdeorum:andesite_pebble":91,"exdeorum:diorite_pebble":164,"exdeorum:blackstone_pebble":158,"minecraft:stone_pickaxe":1,"exdeorum:stone_hammer":8},"minecraft:broken":{"exdeorum:crook":4},"minecraft:crafted":{"minecraft:oak_planks":70,"functionalstorage:simple_compacting_drawer":1,"minecraft:barrel":1,"rftoolsbase:machine_frame":1,"minecraft:cobbled_deepslate":2,"alltheores:copper_dust":21,"minecraft:sand":1,"minecraft:furnace":2,"alltheores:gold_dust":23,"ironfurnaces:iron_furnace":1,"minecraft:piston":1,"exdeorum:diamond_mesh":2,"minecraft:stone":9,"exdeorum:unfired_porcelain_crucible":1,"minecraft:bone_meal":1,"alltheores:osmium_ore":16,"allthecompressed:gravel_1x":4,"minecraft:granite":5,"alltheores:copper_ore_hammer":2,"minecraft:basalt":5,"minecraft:glass":15,"alltheores:osmium_dust":16,"exdeorum:string_mesh":11,"silentgear:rough_rod":7,"minecraft:stone_pickaxe":1,"allthecompressed:sand_1x":6,"minecraft:chest":7,"minecraft:copper_block":4,"exdeorum:stone_hammer":38,"exdeorum:iron_mesh":9,"exdeorum:porcelain_crucible":1,"functionalstorage:oak_1":4,"dankstorage:dank_1":1,"cobblefordays:tier_2":1,"pickletweaks:emerald_pickaxe":1,"exdeorum:golden_mesh":9,"rftoolspower:coalgenerator":1,"minecraft:oak_slab":4,"exdeorum:oak_barrel":2,"minecraft:crafting_table":1,"minecraft:gold_ore":23,"minecraft:gravel":1,"minecraft:copper_ingot":18,"exdeorum:compressed_stone_hammer":3,"minecraft:copper_ore":24,"minecraft:bucket":2,"minecraft:campfire":1,"minecraft:diorite":5,"minecraft:air":1247,"cobblefordays:tier_1":1,"exdeorum:crook":8,"minecraft:blue_dye":7,"exdeorum:porcelain_clay_ball":12,"minecraft:charcoal":1,"minecraft:cobblestone":258,"minecraft:gold_nugget":9,"exdeorum:flint_mesh":9,"minecraft:stick":37,"minecraft:flint":4,"minecraft:iron_ingot":33,"minecraft:blackstone":5,"minecraft:gold_ingot":0,"minecraft:iron_ore":72,"exdeorum:oak_sieve":9,"alltheores:iron_dust":47,"minecraft:andesite":26,"minecraft:redstone_torch":2,"minecraft:composter":1,"minecraft:polished_andesite":5},"minecraft:used":{"minecraft:chest":3,"exdeorum:crook":663,"allthecompressed:cobblestone_1x":252,"pickletweaks:emerald_pickaxe":71,"minecraft:torch":5,"minecraft:dirt":28,"cobblefordays:tier_2":2,"alltheores:osmium_ore":16,"exdeorum:silk_worm":5,"minecraft:granite":5,"functionalstorage:simple_compacting_drawer":2,"minecraft:wooden_axe":80,"minecraft:lava_bucket":6,"minecraft:copper_ore":6,"exdeorum:porcelain_crucible":1,"minecraft:basalt":8,"ironfurnaces:iron_furnace":1,"exdeorum:stone_hammer":811,"minecraft:furnace":2,"minecraft:oak_sapling":13,"tombstone:gift":2,"minecraft:cooked_beef":4,"minecraft:cobbled_deepslate":2,"exdeorum:oak_sieve":11,"minecraft:water_bucket":12,"minecraft:diorite":6,"minecraft:iron_ore":50,"minecraft:polished_andesite":21,"minecraft:stone_pickaxe":76,"minecraft:oak_planks":1,"minecraft:blackstone":6,"minecraft:clay":4,"minecraft:gold_ore":23,"minecraft:sand":108,"minecraft:crafting_table":1,"minecraft:campfire":1,"exdeorum:dust":206,"exdeorum:oak_barrel":4,"allthecompressed:gravel_1x":5,"allthecompressed:sand_1x":7,"minecraft:gravel":2690,"minecraft:wooden_sword":8,"minecraft:cobblestone":250,"minecraft:bucket":17,"minecraft:andesite":7,"exdeorum:compressed_stone_hammer":264},"minecraft:mined":{"alltheores:osmium_ore":16,"minecraft:grass_block":15,"allthecompressed:sand_1x":7,"minecraft:furnace":1,"minecraft:iron_ore":50,"minecraft:fire":5,"minecraft:andesite":3,"functionalstorage:simple_compacting_drawer":1,"exdeorum:oak_sieve":2,"minecraft:blackstone":1,"exdeorum:infested_leaves":234,"minecraft:basalt":3,"minecraft:clay":4,"minecraft:torch":4,"allthecompressed:gravel_1x":5,"minecraft:copper_ore":6,"minecraft:cobblestone":625,"minecraft:oak_planks":1,"minecraft:diorite":1,"cobblefordays:tier_2":1,"exdeorum:dust":1,"minecraft:oak_log":62,"exdeorum:oak_barrel":2,"minecraft:sand":108,"minecraft:gravel":120,"minecraft:dirt":16,"allthecompressed:cobblestone_1x":252,"minecraft:polished_andesite":1,"minecraft:gold_ore":23,"minecraft:oak_leaves":429},"minecraft:custom":{"minecraft:interact_with_crafting_table":88,"minecraft:leave_game":8,"minecraft:time_since_death":10686,"minecraft:sprint_one_cm":5839,"minecraft:walk_one_cm":175378,"minecraft:drop":147,"minecraft:play_time":234277,"minecraft:deaths":1,"minecraft:sneak_time":20847,"minecraft:walk_under_water_one_cm":1288,"minecraft:jump":523,"minecraft:walk_on_water_one_cm":6959,"minecraft:total_world_time":234277,"minecraft:interact_with_furnace":90,"minecraft:time_since_rest":10567,"minecraft:damage_taken":620,"minecraft:damage_dealt":135,"minecraft:swim_one_cm":420,"minecraft:fly_one_cm":3944,"minecraft:open_chest":104,"minecraft:crouch_one_cm":72238,"minecraft:fall_one_cm":47251},"minecraft:picked_up":{"exdeorum:gold_ore_chunk":141,"exdeorum:dust":171,"minecraft:clay_ball":16,"exdeorum:iron_ore_chunk":348,"exdeorum:oak_barrel":2,"exdeorum:blackstone_pebble":178,"minecraft:string":97,"exdeorum:string_mesh":10,"minecraft:raw_copper":21,"exdeorum:granite_pebble":167,"exdeorum:golden_mesh":2,"minecraft:blackstone":1,"exdeorum:iron_mesh":10,"minecraft:bucket":1,"exdeorum:zinc_ore_chunk":116,"minecraft:iron_nugget":11,"xycraft_world:xychorium_gem_green":11,"minecraft:furnace":1,"minecraft:stick":18,"minecraft:raw_iron":50,"minecraft:torch":5,"minecraft:pointed_dripstone":114,"minecraft:diorite":1,"minecraft:redstone":17,"exdeorum:silk_worm":10,"xycraft_world:xychorium_gem_blue":9,"ae2:certus_quartz_dust":9,"exdeorum:diorite_pebble":184,"exdeorum:tin_ore_chunk":210,"alltheores:iron_dust":3,"exdeorum:andesite_pebble":195,"alltheores:raw_osmium":16,"minecraft:blaze_powder":12,"minecraft:cobblestone":132,"exdeorum:osmium_ore_chunk":108,"exdeorum:basalt_pebble":196,"minecraft:basalt":3,"minecraft:andesite":1,"enderio:grains_of_infinity":19,"forcecraft:force_gem":7,"minecraft:flint":463,"minecraft:oak_log":76,"minecraft:gunpowder":22,"minecraft:lapis_lazuli":196,"exdeorum:nickel_ore_chunk":175,"minecraft:dirt":28,"mekanism:salt":15,"ae2:sky_dust":15,"minecraft:apple":5,"minecraft:raw_gold":34,"exdeorum:oak_sieve":2,"exdeorum:stone_pebble":1109,"minecraft:iron_ingot":1,"minecraft:glowstone_dust":16,"minecraft:oak_planks":1,"functionalstorage:simple_compacting_drawer":1,"exdeorum:deepslate_pebble":191,"exdeorum:lead_ore_chunk":147,"xycraft_world:xychorium_gem_red":6,"minecraft:gravel":2716,"exdeorum:flint_mesh":14,"minecraft:sand":164,"minecraft:amethyst_shard":101,"exdeorum:silver_ore_chunk":176,"xycraft_world:xychorium_gem_dark":9,"forbidden_arcanus:arcane_crystal":4,"minecraft:polished_andesite":1,"xycraft_world:xychorium_gem_light":14,"minecraft:clay":2,"exdeorum:aluminum_ore_chunk":148,"minecraft:diamond":31,"cobblefordays:tier_2":1,"minecraft:bone_meal":20,"exdeorum:copper_ore_chunk":256,"minecraft:emerald":28,"minecraft:oak_sapling":56,"minecraft:coal":446}},"DataVersion":3465}