{"stats":{"minecraft:used":{"mekanism:upgrade_gas":2,"minecraft:elytra":6,"trashcans:item_trash_can":5,"rftoolspower:coalgenerator":3,"minecraft:chest":25,"minecraft:stone":9,"occultism:chalk_purple":203,"fluxnetworks:flux_plug":1,"minecraft:soul_sand":111,"occultism:chalk_gold":346,"mekanism:basic_energy_cube":3,"alltheores:lead_ore":64,"minecraft:packed_ice":1,"occultism:butcher_knife":18,"minecraft:lava_bucket":24,"constructionwand:infinity_wand":14,"chipped:bordered_netherrack":90,"itemcollectors:basic_collector":11,"minecraft:copper_ore":71,"summoningrituals:altar":1,"ironfurnaces:iron_furnace":1,"redstone_arsenal:flux_bow":18,"occultism:chalk_white":1206,"minecraft:oak_sapling":66,"minecraft:furnace":2,"mekanismgenerators:gas_burning_generator":14,"minecraft:egg":6,"minecraft:potato":19,"mekanism:advanced_universal_cable":56,"minecraft:diorite":6,"minecraft:end_stone_bricks":4,"minecraft:chorus_fruit":3,"minecraft:blackstone":6,"occultism:datura_seeds":10,"minecraft:cactus":4,"minecraft:leather_chestplate":1,"minecraft:clay":4,"rftoolsutility:crafter3":12,"minecraft:sand":112,"mekanism:elite_universal_cable":2,"framedblocks:framing_saw":1,"chipped:cut_cobblestone_column":228,"ironfurnaces:heater":3,"occultism:spirit_attuned_crystal":4,"alltheores:aluminum_ore":64,"minecraft:diamond_sword":770,"minecraft:wooden_sword":8,"exmachinis:flux_sieve":14,"ironfurnaces:gold_furnace":2,"minecraft:iron_bars":10,"exdeorum:compressed_diamond_hammer":187,"chipped:bordered_cobblestone":62,"minecraft:mycelium":1,"farmingforblockheads:market":1,"exdeorum:crook":974,"minecraft:netherrack":317,"minecraft:stick":3,"minecraft:torch":137,"exdeorum:witch_water_bucket":3,"alltheores:silver_ore":75,"alchemistry:compactor":1,"utilitarian:snad":9,"mekanism:purification_chamber":5,"allthecompressed:netherrack_1x":4,"sophisticatedstorage:diamond_chest":10,"minecraft:barrel":13,"chipped:massive_cobblestone_bricks":8082,"minecraft:diamond_chestplate":7,"alltheores:tin_ore":74,"minecraft:basalt":8,"cobblefordays:tier_1":4,"forbidden_arcanus:orb_of_temporary_flight":4,"minecraft:beef":5,"mekanism:upgrade_energy":16,"constructionwand:diamond_wand":530,"chipped:overlapping_deepslate_tiles":7,"minecraft:blaze_rod":1,"tombstone:gift":6,"torchmaster:megatorch":7,"minecraft:cobbled_deepslate":2,"exdeorum:oak_sieve":21,"minecraft:wheat_seeds":22,"xycraft_machines:extractor":1,"minecraft:water_bucket":84,"minecraft:fletching_table":1,"minecraft:gold_ore":58,"minecraft:crafting_table":4,"minecraft:oak_slab":1,"minecraft:white_bed":2,"minecraft:campfire":1,"occultism:datura":6,"exdeorum:compressed_crushed_netherrack":4,"chipped:thick_inlayed_cobblestone":32,"minecraft:cake":2,"minecraft:oak_log":17,"alchemistry:atomizer":1,"minecraft:diamond_pickaxe":2861,"minecraft:cornflower":3,"allthecompressed:sand_1x":180,"allthecompressed:gravel_1x":284,"tombstone:magic_scroll":1,"chipped:small_deepslate_bricks":77,"occultism:candle_white":35,"minecraft:potion":2,"minecraft:cobblestone":1641,"occultism:golden_sacrificial_bowl":5,"minecraft:dandelion":1,"minecraft:diamond_leggings":1,"minecraft:red_sand":36,"mekanism:basic_fluid_tank":1,"minecraft:iron_sword":92,"allthecompressed:cobblestone_1x":880,"pickletweaks:emerald_pickaxe":1319,"minecraft:mutton":5,"mekanism:basic_mechanical_pipe":3,"minecraft:nether_bricks":1,"occultism:sacrificial_bowl":43,"mekanism:basic_universal_cable":44,"minecraft:obsidian":21,"integrateddynamics:squeezer":1,"minecraft:glass":1,"mekanism:alloy_reinforced":8,"alchemistry:combiner":1,"mekanismgenerators:wind_generator":3,"mekanism:basic_tier_installer":3,"minecraft:stone_bricks":1,"chipped:ornate_andesite_pillar":198,"minecraft:magma_block":1,"pipez:item_pipe":84,"ars_nouveau:sourceberry_bush":8,"minecraft:beetroot_seeds":1,"minecraft:skeleton_skull":5,"chipped:bordered_deepslate":54,"minecraft:diamond_boots":2,"minecraft:wither_skeleton_skull":13,"silentgear:nether_banana":3,"minecraft:stone_pickaxe":76,"minecraft:oak_planks":19,"minecraft:ender_pearl":39,"chipped:edged_deepslate_bricks":480,"minecraft:diamond_axe":640,"minecraft:sugar_cane":4,"occultism:otherworld_sapling_natural":6,"alltheores:nickel_ore":75,"minecraft:end_stone":343,"enderio:dark_steel_sword":14,"mekanism:superheating_element":4,"waystones:waystone":1,"exdeorum:oak_barrel":20,"mekanism:crusher":11,"mekanism:metallurgic_infuser":6,"mekanism:upgrade_speed":11,"tombstone:grave_key":18,"framedblocks:framed_divided_stairs":4,"minecraft:gravel":5435,"exmachinis:flux_hammer":14,"croptopia:toast":44,"mysticalagriculture:inferium_axe":3,"functionalstorage:oak_1":13,"exdeorum:crushed_end_stone":81,"minecraft:andesite":8,"exdeorum:compressed_stone_hammer":1160,"mekanism:basic_smelting_factory":1,"minecraft:bone_meal":29,"exdeorum:mycelium_spores":1,"cookingforblockheads:sink":10,"minecraft:netherite_sword":12,"mekanism:enrichment_chamber":7,"minecraft:flint_and_steel":3,"framedblocks:framed_stairs":96,"thermal:device_rock_gen":5,"minecraft:stone_hoe":5,"gateways:gate_pearl":2,"minecraft:dirt":159,"alchemistry:liquifier":1,"cobblefordays:tier_2":4,"minecraft:diamond_helmet":1,"alltheores:osmium_ore":69,"occultism:divination_rod":5,"exdeorum:silk_worm":12,"mekanism:alloy_infused":2,"minecraft:granite":5,"alchemistry:dissolver":1,"functionalstorage:simple_compacting_drawer":3,"framedblocks:framed_pillar":12,"framedblocks:framed_vertical_double_half_stairs":1,"minecraft:wooden_axe":80,"cobblefordays:tier_5":1,"exdeorum:porcelain_crucible":2,"exdeorum:stone_hammer":811,"mekanism:pressurized_reaction_chamber":5,"mekanism:electrolytic_separator":2,"minecraft:cooked_beef":33,"framedblocks:framed_trapdoor":2,"pipez:fluid_pipe":44,"tombstone:scroll_of_knowledge":5,"minecraft:iron_ore":191,"fluxnetworks:flux_point":1,"minecraft:polished_andesite":21,"minecraft:baked_potato":71,"chipped:mason_table":2,"occultism:brush":41,"exdeorum:stone_barrel":12,"tombstone:bag_of_seeds":2,"exdeorum:dust":1689,"minecraft:wooden_hoe":1,"sophisticatedstorage:copper_chest":1,"exdeorum:diamond_hammer":64,"pipez:gas_pipe":11,"ironfurnaces:emerald_furnace":5,"chipped:overlapping_cobblestone_tiles":727,"alltheores:zinc_ore":61,"minecraft:bucket":226,"chipped:polished_cobblestone":17},"minecraft:custom":{"minecraft:interact_with_crafting_table":660,"minecraft:open_barrel":326,"minecraft:eat_cake_slice":10,"minecraft:leave_game":30,"minecraft:time_since_death":70675,"minecraft:play_time":2166336,"minecraft:deaths":38,"minecraft:jump":13761,"tombstone:kill_undead_boss":2,"minecraft:interact_with_furnace":539,"minecraft:traded_with_villager":17,"minecraft:sleep_in_bed":39,"minecraft:waystone_activated":3,"minecraft:damage_dealt":83827,"tombstone:undead_killed":154,"minecraft:sneak_time":79466,"minecraft:total_world_time":2166336,"minecraft:time_since_rest":1,"minecraft:use_wand":10609,"minecraft:swim_one_cm":4853,"minecraft:fly_one_cm":3427724,"minecraft:open_chest":1965,"minecraft:fall_one_cm":1784404,"lootr:looted_stat":12,"minecraft:damage_resisted":4034,"minecraft:sprint_one_cm":1859340,"minecraft:drop":1217,"minecraft:talked_to_villager":56,"minecraft:interact_with_brewingstand":1,"minecraft:walk_on_water_one_cm":23017,"minecraft:open_enderchest":1,"minecraft:crouch_one_cm":323251,"tombstone:villager_killed":3,"minecraft:mob_kills":322,"minecraft:damage_dealt_resisted":131,"minecraft:walk_one_cm":2537133,"gateways:gates_defeated":2,"minecraft:walk_under_water_one_cm":19185,"minecraft:damage_taken":52006,"minecraft:aviate_one_cm":95324},"minecraft:broken":{"constructionwand:diamond_wand":4,"minecraft:diamond_helmet":1,"minecraft:netherite_leggings":1,"minecraft:diamond_boots":1,"minecraft:leather_chestplate":1,"exdeorum:crook":4},"minecraft:mined":{"mekanismgenerators:wind_generator":1,"occultism:spirit_fire":1,"mysticalagradditions:end_prosperity_ore":2,"minecraft:obsidian":47,"minecraft:granite":5,"mekanism:purification_chamber":4,"supplementaries:blaze_rod":1,"minecraft:nether_wart":9,"allthecompressed:sand_1x":180,"minecraft:fire":12,"minecraft:barrel":11,"minecraft:cobbled_deepslate":2,"pipez:fluid_pipe":27,"chipped:cut_cobblestone_column":226,"chipped:bordered_netherrack":59,"occultism:otherworld_leaves_natural":56,"alltheores:nickel_ore":75,"minecraft:brown_mushroom":5,"chipped:overlapping_cobblestone_tiles":30,"mekanism:enrichment_chamber":4,"exmachinis:flux_hammer":8,"ironfurnaces:iron_furnace":2,"minecraft:torch":6,"sophisticatedstorage:diamond_chest":3,"mysticalagradditions:end_inferium_ore":13,"minecraft:glass":1,"minecraft:sugar_cane":10,"minecraft:skeleton_skull":1,"minecraft:wheat":7,"exdeorum:dust":3,"alltheores:tin_ore":74,"minecraft:grass":138,"exdeorum:oak_barrel":11,"allthecompressed:cobblestone_1x":874,"minecraft:red_mushroom_block":45,"flowerpatch:cornflower_patch":4,"chipped:thick_inlayed_cobblestone":23,"minecraft:mossy_cobblestone":32,"alltheores:osmium_ore":69,"chipped:polished_cobblestone":5,"minecraft:end_stone":518,"functionalstorage:oak_1":10,"minecraft:nether_bricks":20,"chipped:ornate_andesite_pillar":155,"minecraft:red_mushroom":2,"occultism:sacrificial_bowl":20,"minecraft:andesite":7,"alltheores:lead_ore":64,"mekanism:superheating_element":3,"minecraft:potatoes":17,"mekanismgenerators:gas_burning_generator":5,"alltheores:silver_ore":75,"alltheores:aluminum_ore":64,"framedblocks:framed_vertical_double_half_stairs":1,"minecraft:oak_slab":1,"mekanism:crusher":8,"minecraft:soul_sand":19,"exdeorum:infested_leaves":491,"mekanism:basic_energy_cube":1,"minecraft:dandelion":20,"minecraft:cornflower":2,"exmachinis:flux_sieve":11,"occultism:golden_sacrificial_bowl":3,"minecraft:campfire":1,"minecraft:tall_grass":31,"minecraft:copper_ore":71,"flowerpatch:dandelion_patch":2,"minecraft:diorite":6,"mekanism:pressurized_reaction_chamber":3,"summoningrituals:altar":1,"minecraft:gravel":135,"minecraft:stone_bricks":1,"minecraft:gold_ore":58,"alltheores:raw_aluminum_block":2,"minecraft:oak_sapling":1,"mekanism:advanced_universal_cable":4,"chipped:overlapping_deepslate_tiles":7,"minecraft:brewing_stand":1,"minecraft:grass_block":33,"pipez:gas_pipe":7,"thermal:device_rock_gen":2,"framedblocks:framed_pillar":6,"occultism:datura":8,"cobblefordays:tier_1":4,"ironfurnaces:gold_furnace":2,"minecraft:iron_ore":191,"minecraft:azure_bluet":1,"supplementaries:stick":3,"minecraft:iron_bars":3,"exdeorum:oak_sieve":12,"framedblocks:framed_divided_stairs":4,"minecraft:end_stone_bricks":6,"occultism:candle_white":20,"chipped:edged_deepslate_bricks":227,"minecraft:blackstone":6,"minecraft:clay":4,"framedblocks:framed_stairs":81,"minecraft:chest":11,"minecraft:mushroom_stem":10,"minecraft:cobblestone":1571,"ironfurnaces:emerald_furnace":3,"rftoolsutility:crafter3":10,"minecraft:oak_planks":18,"minecraft:wall_torch":1,"cobblefordays:tier_2":3,"exdeorum:stone_barrel":9,"minecraft:purpur_block":1,"minecraft:oak_log":108,"minecraft:beetroots":1,"minecraft:sand":111,"minecraft:dirt":39,"occultism:otherworld_log_natural":28,"chipped:bordered_deepslate":54,"minecraft:wither_skeleton_skull":1,"mekanism:basic_universal_cable":8,"minecraft:netherrack":316,"ironfurnaces:heater":2,"minecraft:oak_leaves":590,"trashcans:item_trash_can":4,"alltheores:zinc_ore":61,"chipped:mason_table":1,"mekanism:basic_mechanical_pipe":1,"torchmaster:megatorch":3,"minecraft:brown_mushroom_block":45,"exdeorum:compressed_crushed_netherrack":4,"minecraft:furnace":1,"draconicevolution:end_draconium_ore":2,"rftoolspower:coalgenerator":3,"functionalstorage:simple_compacting_drawer":2,"minecraft:stone":9,"exdeorum:porcelain_crucible":1,"utilitarian:snad":4,"minecraft:basalt":8,"pipez:item_pipe":48,"minecraft:crafting_table":2,"allthecompressed:gravel_1x":284,"chipped:massive_cobblestone_bricks":425,"sophisticatedstorage:copper_chest":1,"mekanism:metallurgic_infuser":3,"chipped:bordered_cobblestone":59,"itemcollectors:basic_collector":10,"allthecompressed:netherrack_1x":4,"minecraft:cactus":3,"cookingforblockheads:sink":7,"alltheores:end_aluminum_ore":1,"minecraft:polished_andesite":21},"minecraft:killed_by":{"minecraft:zombie":3,"minecraft:stray":2,"minecraft:wither":7,"minecraft:zombified_piglin":1,"minecraft:wither_skeleton":3,"minecraft:creeper":1,"minecraft:spider":1,"minecraft:enderman":3,"minecraft:skeleton":1},"minecraft:killed":{"minecraft:shulker":10,"minecraft:skeleton":3,"minecraft:chicken":4,"minecraft:magma_cube":15,"minecraft:ender_dragon":1,"occultism:foliot":1,"minecraft:zombie":29,"minecraft:cow":1,"minecraft:wandering_trader":3,"minecraft:enderman":33,"minecraft:zombified_piglin":68,"minecraft:spider":25,"minecraft:wither":2,"minecraft:pig":3,"minecraft:zombie_villager":2,"minecraft:creeper":5,"minecraft:sheep":2,"minecraft:trader_llama":21,"minecraft:blaze":29,"occultism:possessed_skeleton":1,"forcecraft:creeper_tot":1,"forcecraft:fairy":1,"minecraft:wither_skeleton":49},"minecraft:dropped":{"exdeorum:basalt_pebble":213,"occultism:datura_seeds":25,"minecraft:porkchop":8,"xycraft_world:xychorium_gem_dark":106,"minecraft:lapis_lazuli":50,"minecraft:chorus_fruit":4,"minecraft:diamond":429,"pickletweaks:flint_shears":2,"exdeorum:zinc_ore_chunk":16,"thermal:corn_seeds":2,"minecraft:saddle":1,"silentgear:rough_rod":14,"everlastingabilities:ability_totem":1,"minecraft:red_mushroom":2,"exdeorum:gold_ore_chunk":19,"minecraft:emerald":107,"alltheores:tin_ore":4,"minecraft:dirt":12,"occultism:taboo_book":3,"exdeorum:oak_crucible":1,"alltheores:nickel_clump":144,"croptopia:scrambled_eggs":1,"mekanism:clump_iron":4,"exdeorum:granite_pebble":195,"minecraft:gold_nugget":41,"minecraft:wooden_sword":2,"exdeorum:crook":7,"minecraft:bone_meal":384,"minecraft:sand":51,"minecraft:iron_pickaxe":1,"minecraft:sugar":8,"xycraft_world:kivi":132,"tombstone:familiar_receptacle":2,"occultism:otherworld_log":12,"exdeorum:lead_ore_chunk":24,"minecraft:white_wool":6,"minecraft:bone":5,"minecraft:sugar_cane":159,"minecraft:iron_nugget":39,"alltheores:aluminum_nugget":7,"minecraft:golden_chestplate":1,"minecraft:cobbled_deepslate":1,"minecraft:netherite_sword":1,"tombstone:gift":3,"minecraft:obsidian":1,"xycraft_world:xychorium_gem_blue":104,"mekanism:substrate":384,"minecraft:rotten_flesh":76,"minecraft:oak_planks":38,"minecraft:end_stone":182,"minecraft:glowstone_dust":76,"minecraft:blaze_powder":65,"exdeorum:silver_ore_chunk":21,"minecraft:azure_bluet":1,"forbidden_arcanus:obsidian_ingot":3,"thermal:eggplant_seeds":2,"mekanism:alloy_infused":65,"mekanism:bio_fuel":68,"occultism:chalk_gold_impure":1,"chipped:overlapping_deepslate_tiles":64,"minecraft:charcoal":2,"alltheores:nickel_ingot":54,"mysticalagriculture:inferium_essence":81,"apotheosis:gem":9,"minecraft:acacia_sapling":8,"forbidden_arcanus:arcane_crystal":62,"thermal:rice_seeds":1,"minecraft:end_stone_bricks":2,"minecraft:glass":29,"minecraft:beef":3,"mekanism:clump_tin":88,"minecraft:ghast_tear":3,"reliquary:zombie_heart":3,"tombstone:scroll_of_reach":1,"minecraft:enchanted_book":1,"minecraft:iron_ingot":131,"minecraft:golden_boots":3,"thermal:onion_seeds":2,"chipped:thick_inlayed_cobblestone":36,"chipped:polished_cobblestone":4,"minecraft:black_dye":19,"xycraft_world:xychorium_gem_green":94,"minecraft:wheat_seeds":333,"occultism:datura":11,"exdeorum:deepslate_pebble":305,"mysticalagradditions:withering_soul":2,"minecraft:netherite_chestplate":1,"minecraft:feather":8,"minecraft:cobblestone":2206,"minecraft:book":5,"minecraft:apple":66,"silentgear:sinew":2,"minecraft:coal":118,"minecraft:polished_andesite":14,"minecraft:diamond_horse_armor":1,"chipped:cut_cobblestone_column":187,"chipped:massive_cobblestone_bricks":149,"minecraft:wooden_hoe":2,"pneumaticcraft:compressed_iron_helmet":1,"exdeorum:silk_worm":4,"minecraft:wooden_axe":1,"alltheores:dirty_nickel_dust":48,"alltheores:copper_ore_hammer":1,"minecraft:diamond_helmet":1,"minecraft:potion":2,"alltheores:raw_aluminum":19,"alltheores:dirty_silver_dust":50,"minecraft:red_dye":68,"thermal:radish_seeds":1,"mekanism:dirty_dust_tin":50,"minecraft:paper":4,"minecraft:iron_shovel":1,"minecraft:string":5,"xycraft_world:xychorium_storage_dark":10,"minecraft:snow_block":4,"alltheores:nickel_dust":36,"alltheores:gold_gear":2,"minecraft:furnace":1,"minecraft:stone_sword":12,"thermal:amaranth_seeds":3,"forbidden_arcanus:ender_pearl_fragment":144,"minecraft:deepslate":4,"xycraft_world:xychorium_storage_red":10,"minecraft:chicken":6,"minecraft:iron_boots":5,"minecraft:pumpkin_seeds":1,"minecraft:diamond_sword":2,"functionalstorage:oak_1":1,"xycraft_world:xychorium_gem_red":89,"minecraft:potato":111,"minecraft:stone":12,"occultism:chalk_purple_impure":1,"minecraft:bundle":1,"minecraft:diamond_pickaxe":5,"exdeorum:aluminum_ore_chunk":16,"alltheores:aluminum_ingot":1,"minecraft:stone_bricks":2,"exdeorum:diorite_pebble":199,"minecraft:stone_pressure_plate":12,"minecraft:spider_eye":17,"minecraft:bamboo":53,"croptopia:tomatillo_seed":3,"exdeorum:andesite_pebble":92,"exdeorum:blackstone_pebble":193,"ars_nouveau:amplify_arrow":30,"occultism:chalk_white_impure":1,"alltheores:steel_ingot":7,"farmersdelight:diamond_knife":2,"minecraft:moss_block":1,"minecraft:soul_sand":12,"minecraft:brown_mushroom":7,"alltheores:raw_silver":32,"minecraft:diamond_axe":1,"minecraft:oak_log":42,"alltheores:raw_nickel":1,"minecraft:ender_pearl":4,"exdeorum:copper_ore_chunk":83,"minecraft:leather":12,"minecraft:flint":726,"minecraft:cyan_terracotta":2,"tombstone:bag_of_seeds":1,"constructionwand:diamond_wand":1,"minecraft:ice":3,"exdeorum:iron_hammer":1,"minecraft:cornflower":7,"minecraft:mutton":6,"exdeorum:compressed_stone_hammer":9,"minecraft:amethyst_shard":58,"minecraft:gold_ingot":172,"minecraft:gravel":84,"enderio:grains_of_infinity":15,"xycraft_world:xychorium_gem_light":98,"xycraft_world:xychorium_storage_light":10,"thermal:spinach_seeds":1,"minecraft:purpur_block":1,"minecraft:blackstone":5,"exdeorum:string_mesh":2,"sophisticatedstorage:basic_tier_upgrade":1,"exdeorum:crushed_end_stone":34,"minecraft:pointed_dripstone":7,"minecraft:beetroot":65,"minecraft:diamond_shovel":5,"xycraft_world:xychorium_storage_green":10,"minecraft:carrot":72,"ae2:sky_dust":21,"ars_nouveau:sourceberry_bush":1,"supplementaries:ash":26,"chipped:overlapping_cobblestone_tiles":81,"minecraft:gunpowder":8,"minecraft:melon_seeds":15,"minecraft:beetroot_seeds":3,"silentgear:leather_scrap":10,"minecraft:iron_bars":9,"utilitarian:snad":1,"minecraft:arrow":6,"minecraft:quartz":2,"minecraft:netherrack":119,"immersiveengineering:seed":17,"minecraft:oak_leaves":42,"minecraft:stone_hoe":2,"minecraft:oak_slab":15,"minecraft:chorus_flower":5,"allthecompressed:cobblestone_1x":196,"minecraft:mossy_cobblestone":32,"exdeorum:mycelium_spores":4,"minecraft:diamond_leggings":2,"minecraft:poisonous_potato":1,"chipped:edged_deepslate_bricks":89,"minecraft:lead":16,"forcecraft:pile_of_gunpowder":2,"minecraft:copper_ingot":1,"croptopia:soybean_seed":8,"mysticalagriculture:soulium_dust":2,"exdeorum:iron_ore_chunk":218,"exdeorum:osmium_ore_chunk":231,"thermal:barley_seeds":1,"minecraft:stick":245,"minecraft:iron_block":1,"alltheores:gold_dust":93,"tombstone:magic_scroll":2,"minecraft:torch":3,"tombstone:grave_key":1,"exdeorum:grass_seeds":6,"tombstone:grave_dust":28,"minecraft:iron_leggings":1,"minecraft:wither_rose":12,"mysticalagriculture:prosperity_shard":20,"chipped:small_deepslate_bricks":1,"minecraft:cactus":159,"minecraft:bucket":1,"exdeorum:stone_pebble":583,"wstweaks:fragment":12,"minecraft:dandelion":15,"minecraft:redstone":321,"alltheores:iron_dust":2,"pickletweaks:emerald_pickaxe":1,"occultism:otherstone":3,"minecraft:coarse_dirt":12,"minecraft:nether_wart":18,"minecraft:blaze_rod":1,"minecraft:raw_copper":5,"alltheores:raw_osmium":3,"minecraft:composter":1,"minecraft:raw_iron":8,"chipped:bordered_cobblestone":195,"xycraft_world:xychorium_storage_blue":10,"minecraft:ender_eye":2,"occultism:otherworld_leaves_natural":56,"xycraft_machines:port_item":1,"minecraft:glass_pane":24,"minecraft:copper_ore":3,"thermal:sadiroot_seeds":5,"exdeorum:nickel_ore_chunk":85,"minecraft:oak_button":6,"minecraft:diamond_chestplate":4,"exdeorum:tin_ore_chunk":87,"minecraft:andesite":147,"minecraft:golden_leggings":1,"minecraft:oak_sapling":96,"ae2:certus_quartz_dust":85,"minecraft:golden_sword":13,"alltheores:nickel_ore":1,"tombstone:essence_of_undeath":1,"minecraft:diamond_boots":1,"minecraft:stone_pickaxe":1,"exdeorum:stone_hammer":9},"minecraft:picked_up":{"alltheores:raw_aluminum_block":2,"exdeorum:dust":1730,"minecraft:lead":18,"minecraft:diamond_sword":1,"minecraft:wither_rose":18,"exdeorum:iron_ore_chunk":791,"xycraft_world:xychorium_storage_green":5,"minecraft:brewing_stand":1,"minecraft:golden_sword":14,"minecraft:soul_soil":1,"exdeorum:grass_seeds":8,"minecraft:string":211,"thermal:barley_seeds":1,"minecraft:beetroot":98,"chipped:bordered_deepslate":4,"minecraft:cobbled_deepslate":1,"minecraft:diamond_leggings":1,"mysticalagriculture:inferium_essence":152,"minecraft:gold_nugget":31,"mekanism:basic_universal_cable":22,"alltheores:nickel_ingot":15,"chipped:overlapping_cobblestone_tiles":40,"wstweaks:fragment":147,"occultism:otherstone":140,"thermal:sadiroot_seeds":5,"mysticalagriculture:prosperity_shard":20,"minecraft:golden_chestplate":1,"minecraft:stone_sword":15,"thermal:radish_seeds":1,"supplementaries:ash":27,"ars_nouveau:sourceberry_bush":1,"minecraft:netherite_chestplate":1,"chipped:ornate_andesite_pillar":6,"minecraft:blaze_rod":13,"chipped:bordered_netherrack":47,"minecraft:iron_bars":18,"minecraft:feather":12,"forbidden_arcanus:dragon_scale":3,"reliquary:molten_core":2,"enderio:grains_of_infinity":187,"minecraft:flint":677,"trashcans:item_trash_can":4,"minecraft:netherite_leggings":1,"exdeorum:nickel_ore_chunk":408,"tombstone:familiar_receptacle":2,"ironfurnaces:item_heater":1,"occultism:awakened_feather":6,"reliquary:nebulous_heart":3,"pipez:fluid_pipe":28,"mysticalagriculture:soulium_dust":2,"minecraft:diamond_helmet":1,"minecraft:glowstone_dust":202,"minecraft:moss_block":1,"mekanism:metallurgic_infuser":5,"xycraft_world:xychorium_gem_red":91,"exmachinis:flux_hammer":8,"exdeorum:flint_mesh":14,"mysticalagradditions:withering_soul":2,"thermal:onion_seeds":2,"occultism:crushed_end_stone":2,"minecraft:barrel":10,"xycraft_world:xychorium_gem_dark":90,"alltheores:osmium_ore":12,"minecraft:bundle":3,"mekanism:basic_mechanical_pipe":3,"minecraft:polished_andesite":15,"thermal:device_rock_gen":2,"exdeorum:diamond_mesh":7,"ironfurnaces:heater":2,"minecraft:deepslate":2,"thermal:eggplant_seeds":2,"exdeorum:copper_ore_chunk":525,"chipped:bordered_cobblestone":53,"framedblocks:framed_stairs":80,"minecraft:diamond_pickaxe":3,"exdeorum:gold_ore_chunk":370,"alltheores:steel_ingot":6,"minecraft:crafting_table":2,"occultism:chalk_white":1,"minecraft:nether_wart":18,"minecraft:clay_ball":16,"mekanism:alloy_infused":63,"minecraft:purpur_block":1,"alltheores:nickel_dust":33,"minecraft:cornflower":18,"exdeorum:granite_pebble":215,"mekanism:pressurized_reaction_chamber":4,"occultism:otherworld_log":12,"minecraft:glass_pane":12,"occultism:otherworld_sapling_natural":20,"minecraft:netherite_sword":1,"exdeorum:iron_mesh":10,"minecraft:beef":9,"exdeorum:zinc_ore_chunk":348,"minecraft:iron_nugget":27,"allthecompressed:cobblestone_1x":15,"minecraft:chest":11,"minecraft:birch_sapling":16,"minecraft:egg":6,"chipped:mason_table":1,"minecraft:copper_ore":8,"framedblocks:framed_divided_stairs":4,"minecraft:stone":1,"alltheores:raw_zinc":61,"pipez:item_pipe":45,"occultism:chalk_gold":1,"mekanism:elite_universal_cable":4,"minecraft:carrot":72,"minecraft:redstone":195,"exmachinis:flux_sieve":11,"mekanism:crusher":9,"exdeorum:silk_worm":16,"minecraft:diamond_chestplate":4,"minecraft:beetroot_seeds":5,"ironfurnaces:gold_furnace":2,"exmachinis:gold_upgrade":2,"minecraft:diamond_boots":1,"minecraft:hay_block":32,"tombstone:essence_of_undeath":1,"exdeorum:andesite_pebble":224,"alltheores:iron_dust":67,"minecraft:gold_ingot":62,"sophisticatedbackpacks:copper_backpack":1,"alltheores:raw_osmium":69,"minecraft:mutton":11,"minecraft:white_wool":10,"rftoolspower:coalgenerator":3,"mekanismgenerators:gas_burning_generator":7,"minecraft:red_mushroom":16,"forcecraft:force_gem":211,"minecraft:oak_log":448,"minecraft:golden_boots":3,"pickletweaks:flint_shears":1,"minecraft:apple":73,"minecraft:stone_bricks":2,"exdeorum:stone_pebble":1615,"tombstone:bag_of_seeds":1,"rftoolsutility:crafter3":10,"exdeorum:deepslate_pebble":313,"exdeorum:lead_ore_chunk":412,"minecraft:gravel":8310,"minecraft:spruce_sapling":16,"alltheores:zinc_ore":15,"forcecraft:recovery_heart":10,"exdeorum:silver_ore_chunk":397,"xycraft_world:xychorium_storage_red":5,"forbidden_arcanus:arcane_crystal":83,"minecraft:diamond_shovel":1,"cookingforblockheads:sink":7,"exdeorum:aluminum_ore_chunk":366,"immersiveengineering:seed":17,"mekanism:advanced_universal_cable":21,"chipped:edged_deepslate_bricks":57,"alltheores:raw_silver":75,"framedblocks:framed_vertical_double_half_stairs":1,"minecraft:melon_seeds":8,"thermal:amaranth_seeds":3,"minecraft:ender_pearl":55,"minecraft:shulker_shell":7,"exdeorum:mycelium_spores":5,"minecraft:wheat":208,"mekanism:electrolytic_separator":1,"tombstone:grave_key":1,"silentgear:sinew":2,"chipped:thick_inlayed_cobblestone":38,"minecraft:raw_copper":243,"alltheores:silver_ore":12,"cobblefordays:tier_1":4,"occultism:chalk_purple":1,"occultism:tallow":28,"minecraft:red_sand":36,"reliquary:zombie_heart":3,"mekanism:purification_chamber":4,"minecraft:bucket":1,"minecraft:ender_eye":6,"draconicevolution:draconium_dust":62,"xycraft_world:xychorium_gem_green":94,"thermal:spinach_seeds":1,"minecraft:iron_boots":6,"minecraft:furnace":1,"minecraft:stick":248,"apotheosis:gem":14,"minecraft:torch":28,"minecraft:porkchop":11,"tombstone:grave_dust":32,"minecraft:pointed_dripstone":114,"minecraft:diorite":6,"chipped:overlapping_deepslate_tiles":31,"silentgear:leather_scrap":10,"minecraft:cactus":109,"minecraft:rotten_flesh":76,"occultism:otherworld_ashes":12,"thermal:corn_seeds":2,"summoningrituals:altar":1,"exdeorum:tin_ore_chunk":503,"occultism:datura":42,"minecraft:chorus_flower":5,"reliquary:mob_charm_fragment":2,"minecraft:obsidian":196,"minecraft:blaze_powder":92,"minecraft:cobblestone":1727,"exdeorum:crook":2,"occultism:golden_sacrificial_bowl":3,"exdeorum:osmium_ore_chunk":416,"occultism:datura_seeds":100,"minecraft:leather_chestplate":1,"exdeorum:basalt_pebble":233,"exdeorum:stone_barrel":9,"minecraft:andesite":5,"minecraft:golden_leggings":1,"minecraft:potato":200,"minecraft:wither_skeleton_skull":4,"minecraft:lapis_lazuli":568,"minecraft:dirt":71,"occultism:spirit_attuned_gem":32,"xycraft_world:xychorium_storage_dark":5,"alltheores:raw_tin":74,"minecraft:glass":23,"minecraft:bone":80,"itemcollectors:basic_collector":9,"minecraft:wheat_seeds":365,"minecraft:raw_gold":80,"everlastingabilities:ability_totem":3,"forcecraft:pile_of_gunpowder":2,"occultism:taboo_book":8,"tombstone:scroll_of_reach":1,"alltheores:tin_ore":18,"minecraft:bamboo":53,"minecraft:stone_hoe":1,"minecraft:oak_planks":32,"ironfurnaces:iron_furnace":2,"minecraft:ghast_tear":3,"alltheores:raw_lead":64,"minecraft:poisonous_potato":1,"torchmaster:megatorch":4,"minecraft:sand":2681,"exdeorum:crushed_end_stone":55,"minecraft:mossy_cobblestone":32,"alltheores:raw_nickel":75,"forbidden_arcanus:ender_pearl_fragment":144,"xycraft_world:xychorium_gem_light":98,"minecraft:clay":28,"minecraft:diamond":338,"cobblefordays:tier_2":3,"alltheores:raw_aluminum":65,"minecraft:nether_star":2,"minecraft:bone_meal":285,"minecraft:emerald":170,"mekanism:superheating_element":2,"minecraft:oak_sapling":204,"minecraft:netherrack":150,"minecraft:chorus_fruit":8,"minecraft:oak_leaves":42,"minecraft:end_stone_bricks":6,"functionalstorage:oak_1":10,"fluxnetworks:flux_dust":256,"minecraft:charcoal":2,"minecraft:azure_bluet":1,"minecraft:chicken":6,"minecraft:brown_mushroom":10,"occultism:purified_ink":19,"chipped:massive_cobblestone_bricks":288,"exdeorum:oak_barrel":13,"exdeorum:blackstone_pebble":213,"exdeorum:string_mesh":10,"minecraft:wooden_sword":1,"exdeorum:golden_mesh":17,"minecraft:blackstone":6,"minecraft:sugar_cane":209,"minecraft:dark_oak_sapling":16,"minecraft:raw_iron":191,"minecraft:end_stone":524,"framedblocks:framed_pillar":6,"exdeorum:porcelain_crucible":1,"croptopia:soybean_seed":6,"sophisticatedstorage:copper_chest":1,"mekanism:basic_energy_cube":2,"minecraft:arrow":6,"occultism:otherworld_leaves_natural":56,"xycraft_world:xychorium_gem_blue":107,"ae2:certus_quartz_dust":156,"exdeorum:diorite_pebble":219,"minecraft:nether_bricks":19,"xycraft_world:xychorium_storage_light":5,"exdeorum:crushed_netherrack":36,"minecraft:skeleton_skull":5,"chipped:cut_cobblestone_column":192,"minecraft:basalt":3,"minecraft:leather":21,"minecraft:ice":2,"minecraft:gunpowder":246,"minecraft:wooden_hoe":1,"draconicevolution:dragon_heart":1,"occultism:candle_white":20,"mekanism:enrichment_chamber":5,"mekanism:salt":228,"ae2:sky_dust":164,"pipez:gas_pipe":7,"exdeorum:oak_sieve":12,"minecraft:iron_ingot":52,"minecraft:acacia_sapling":8,"minecraft:soul_sand":23,"functionalstorage:simple_compacting_drawer":2,"minecraft:green_dye":17,"chipped:polished_cobblestone":4,"minecraft:oak_slab":6,"occultism:sacrificial_bowl":20,"occultism:book_of_binding_bound_foliot":7,"minecraft:quartz":7,"minecraft:dandelion":32,"minecraft:amethyst_shard":287,"occultism:spirit_attuned_crystal":1,"minecraft:white_bed":1,"minecraft:gold_ore":12,"minecraft:spider_eye":19,"thermal:rice_seeds":1,"ironfurnaces:augment_blasting":1,"mekanismgenerators:wind_generator":2,"minecraft:pumpkin_seeds":1,"utilitarian:snad":5,"minecraft:cherry_sapling":4,"sophisticatedstorage:diamond_chest":3,"tombstone:magic_scroll":2,"ironfurnaces:emerald_furnace":3,"xycraft_world:xychorium_storage_blue":5,"minecraft:coal":694,"alltheores:copper_ore_hammer":1},"minecraft:crafted":{"pipez:basic_upgrade":1,"minecraft:black_dye":19,"pipez:wrench":1,"ironfurnaces:item_heater":2,"minecraft:smooth_stone":0,"gateways:gate_pearl":2,"exdeorum:iron_hammer":1,"redstone_arsenal:flux_ingot":0,"alltheores:constantan_ingot":0,"alltheores:signalum_ingot":32,"pipez:improved_upgrade":1,"mekanism:electrolytic_separator":1,"pipez:item_pipe":18,"waystones:waystone":1,"ironfurnaces:iron_furnace":1,"alltheores:silver_ore":85,"croptopia:toast":24,"minecraft:diamond_shovel":5,"mekanismgenerators:heat_generator":1,"ironfurnaces:diamond_furnace":2,"minecraft:iron_bars":33,"occultism:sacrificial_bowl":25,"minecraft:granite":5,"minecraft:glass":19,"thermal:upgrade_augment_2":4,"minecraft:diamond_helmet":2,"alltheores:osmium_dust":94,"minecraft:diamond_leggings":2,"occultism:brush":1,"redstone_arsenal:flux_dust":10,"thermal:upgrade_augment_1":8,"minecraft:beacon":1,"redstone_arsenal:flux_bow":1,"mekanism:elite_universal_cable":2,"allthecompressed:sand_1x":179,"minecraft:stone_pressure_plate":16,"alltheores:raw_osmium_block":4,"mekanism:energy_tablet":4,"torchmaster:megatorch":3,"occultism:candle_white":16,"ironfurnaces:heater":1,"minecraft:emerald":1,"exdeorum:oak_barrel":7,"minecraft:diamond_axe":2,"xycraft_machines:port_fluid":2,"minecraft:gravel":1,"minecraft:moss_block":1,"ironfurnaces:augment_blasting":1,"minecraft:copper_ingot":18,"minecraft:fletching_table":1,"waystones:warp_stone":1,"minecraft:campfire":1,"thermal:redstone_servo":2,"exdeorum:flint_mesh":11,"minecraft:stone_slab":1,"projecte:medium_covalence_dust":1,"occultism:chalk_gold_impure":1,"xycraft_machines:port_item":3,"alltheores:electrum_dust":64,"minecraft:iron_block":46,"exdeorum:compressed_diamond_hammer":1,"minecraft:gold_ingot":4,"mekanism:upgrade_gas":8,"farmingforblockheads:market":1,"alchemistry:atomizer":1,"minecraft:composter":1,"alltheores:constantan_gear":2,"mekanism:advanced_universal_cable":27,"minecraft:packed_ice":10,"minecraft:iron_nugget":8,"minecraft:cobbled_deepslate":2,"mekanism:basic_chemical_tank":4,"exmachinis:gold_upgrade":17,"minecraft:bone_meal":10,"xycraft_machines:extractor":3,"occultism:book_of_binding_afrit":1,"allthecompressed:gravel_1x":283,"sophisticatedstorage:copper_chest":2,"alltheores:copper_ore_hammer":6,"ironfurnaces:emerald_furnace":2,"minecraft:wither_skeleton_skull":15,"minecraft:basalt":5,"minecraft:terracotta":0,"minecraft:diamond":16,"sophisticatedstorage:upgrade_base":4,"alltheores:signalum_gear":16,"alltheores:tin_ore":90,"utilitarian:snad":5,"minecraft:ender_pearl":9,"minecraft:stone_pickaxe":1,"minecraft:diamond_boots":3,"alltheores:constantan_dust":32,"alltheores:silver_dust":96,"alltheores:steel_ingot":1,"minecraft:redstone_block":5,"exdeorum:iron_mesh":10,"dankstorage:dank_1":4,"alltheores:nickel_dust":67,"minecraft:wheat":16,"exdeorum:golden_mesh":10,"constructionwand:diamond_wand":8,"forbidden_arcanus:obsidian_with_iron":7,"summoningrituals:altar":1,"angelring:angel_ring":1,"alltheores:osmium_ingot":0,"exdeorum:diamond_hammer":17,"mekanism:dynamic_tank":4,"alltheores:invar_ingot":0,"alltheores:electrum_ingot":0,"allthecompressed:netherrack_1x":4,"itemcollectors:basic_collector":2,"exdeorum:compressed_stone_hammer":9,"minecraft:red_carpet":1,"redstone_arsenal:flux_gem":2,"occultism:dictionary_of_spirits":2,"projecte:low_covalence_dust":1,"cobblefordays:tier_3":1,"cobblefordays:tier_5":1,"exdeorum:crook":10,"redstone_arsenal:obsidian_rod":1,"functionalstorage:diamond_upgrade":4,"minecraft:cobblestone":259,"minecraft:gunpowder":21,"minecraft:flint":4,"minecraft:blackstone":5,"mekanism:basic_mechanical_pipe":1,"minecraft:white_bed":1,"farmersdelight:diamond_knife":2,"thermal:device_rock_gen":2,"minecraft:soul_sand":1,"minecraft:brick":1,"occultism:divination_rod":1,"minecraft:oak_planks":192,"minecraft:barrel":6,"alchemistry:compactor":1,"occultism:chalk_white_impure":4,"sophisticatedstorage:gold_chest":7,"alltheores:copper_dust":23,"alltheores:iron_ore_hammer":8,"mekanism:electrolytic_core":7,"mekanismgenerators:gas_burning_generator":6,"minecraft:sand":1,"exdeorum:unfired_porcelain_crucible":1,"minecraft:stone":12,"projecte:high_covalence_dust":1,"alchemistry:dissolver":1,"pipez:fluid_pipe":33,"alltheores:osmium_ore":69,"minecraft:green_dye":0,"mekanism:basic_tier_installer":3,"minecraft:hopper":11,"angelring:diamond_ring":1,"alltheores:aluminum_ore":76,"alltheores:nickel_ore":87,"silentgear:rough_rod":7,"tombstone:grave_key":5,"exmachinis:diamond_upgrade":6,"minecraft:comparator":3,"minecraft:cyan_terracotta":12,"rftoolsutility:crafter1":2,"occultism:book_of_binding_foliot":2,"functionalstorage:gold_upgrade":4,"minecraft:chest":27,"minecraft:oak_button":6,"minecraft:copper_block":20,"mekanism:basic_fluid_tank":1,"alltheores:gold_gear":10,"framedblocks:framing_saw":1,"minecraft:stone_bricks":1,"occultism:golden_sacrificial_bowl":2,"minecraft:stone_hoe":1,"minecraft:ender_eye":6,"alltheores:steel_dust":134,"exdeorum:stone_hammer":93,"exdeorum:porcelain_crucible":1,"chipped:mason_table":1,"exdeorum:compressed_crushed_netherrack":4,"minecraft:raw_iron_block":8,"cobblefordays:tier_2":2,"occultism:burnt_otherstone":0,"minecraft:magma_block":13,"minecraft:dropper":6,"integrateddynamics:squeezer":1,"sophisticatedstorage:diamond_chest":7,"rftoolspower:coalgenerator":1,"minecraft:oak_slab":14,"minecraft:arrow":12,"minecraft:cauldron":3,"minecraft:crafting_table":15,"minecraft:gold_ore":68,"minecraft:baked_potato":0,"pipez:gas_pipe":16,"minecraft:red_wool":3,"minecraft:gold_block":27,"mekanism:purification_chamber":1,"minecraft:diorite":5,"cobblefordays:tier_1":1,"alltheores:lead_ore":86,"exdeorum:oak_crucible":1,"rftoolsutility:crafter2":2,"minecraft:totem_of_undying":1,"minecraft:book":7,"minecraft:paper":13,"minecraft:charcoal":1,"minecraft:diamond_pickaxe":4,"minecraft:purple_dye":60,"mekanism:steel_casing":23,"alchemistry:liquifier":1,"rftoolsutility:crafter3":2,"minecraft:stick":135,"mekanism:crusher":2,"minecraft:iron_ingot":39,"minecraft:iron_ore":176,"exdeorum:oak_sieve":13,"minecraft:redstone_torch":28,"occultism:butcher_knife":1,"minecraft:shears":1,"minecraft:polished_andesite":5,"exmachinis:flux_sieve":4,"pipez:advanced_upgrade":1,"minecraft:coarse_dirt":12,"occultism:chalk_purple_impure":1,"minecraft:redstone":1,"mekanism:basic_universal_cable":37,"functionalstorage:simple_compacting_drawer":1,"rftoolsbase:machine_frame":3,"mekanismgenerators:wind_generator":1,"ironfurnaces:gold_furnace":2,"mekanism:pressurized_reaction_chamber":2,"forbidden_arcanus:obsidian_ingot":0,"sophisticatedstorage:iron_chest":7,"minecraft:blast_furnace":1,"mekanism:energized_smelter":1,"minecraft:furnace":7,"alltheores:invar_dust":84,"alltheores:gold_dust":317,"minecraft:piston":14,"exdeorum:diamond_mesh":9,"redstone_arsenal:flux_obsidian_rod":1,"mekanism:basic_smelting_factory":1,"minecraft:oak_trapdoor":12,"minecraft:raw_copper_block":24,"minecraft:diamond_block":27,"minecraft:glass_pane":5,"minecraft:flint_and_steel":1,"forbidden_arcanus:dark_nether_star":1,"minecraft:blue_ice":1,"exdeorum:string_mesh":15,"alchemistry:combiner":1,"trashcans:item_trash_can":1,"functionalstorage:oak_1":8,"minecraft:magma_cream":52,"minecraft:cooked_beef":0,"minecraft:red_dye":97,"minecraft:sugar":10,"occultism:spirit_attuned_crystal":7,"pickletweaks:emerald_pickaxe":1,"alltheores:signalum_dust":64,"constructionwand:infinity_wand":1,"exdeorum:stone_barrel":6,"minecraft:bone_block":1,"minecraft:diamond_sword":3,"minecraft:cyan_dye":3,"mekanism:metallurgic_infuser":1,"alltheores:zinc_ore":74,"alltheores:nickel_ingot":0,"pickletweaks:flint_shears":1,"alltheores:aluminum_nugget":9,"mekanism:superheating_element":2,"minecraft:copper_ore":99,"minecraft:bucket":9,"occultism:book_of_binding_bound_afrit":1,"minecraft:air":8042,"minecraft:bread":117,"mekanism:upgrade_speed":64,"minecraft:blue_dye":76,"exdeorum:porcelain_clay_ball":12,"sophisticatedstorage:chest":7,"functionalstorage:copper_upgrade":4,"minecraft:white_wool":8,"framedblocks:framed_cube":15,"mekanism:basic_energy_cube":1,"minecraft:white_dye":36,"minecraft:gold_nugget":19,"mekanism:enrichment_chamber":5,"mekanism:upgrade_energy":64,"darkutils:charm_sleep":1,"mekanism:advanced_control_circuit":2,"alltheores:iron_dust":389,"exmachinis:flux_hammer":7,"occultism:book_of_binding_bound_foliot":2,"minecraft:andesite":33,"minecraft:torch":39,"cookingforblockheads:sink":3,"alltheores:raw_aluminum":2,"minecraft:lapis_lazuli":27,"minecraft:lapis_block":3,"minecraft:diamond_chestplate":1,"cobblefordays:tier_4":1}},"DataVersion":3465}