{"stats":{"minecraft:dropped":{"exdeorum:basalt_pebble":195,"xycraft_world:xychorium_gem_dark":29,"minecraft:lapis_lazuli":1,"minecraft:diamond":1,"exdeorum:copper_ore_chunk":3,"minecraft:flint":186,"exdeorum:gold_ore_chunk":3,"exdeorum:compressed_stone_hammer":5,"exdeorum:crook":1,"minecraft:wooden_sword":2,"exdeorum:granite_pebble":180,"minecraft:amethyst_shard":2,"minecraft:sand":17,"exdeorum:lead_ore_chunk":4,"enderio:grains_of_infinity":15,"xycraft_world:xychorium_gem_light":39,"minecraft:gravel":4,"minecraft:blackstone":5,"exdeorum:string_mesh":2,"minecraft:cobbled_deepslate":1,"minecraft:pointed_dripstone":7,"xycraft_world:xychorium_gem_blue":27,"minecraft:oak_planks":3,"minecraft:glowstone_dust":1,"minecraft:blaze_powder":1,"exdeorum:silver_ore_chunk":1,"minecraft:carrot":4,"ae2:sky_dust":5,"minecraft:gunpowder":1,"minecraft:charcoal":2,"forbidden_arcanus:arcane_crystal":4,"minecraft:netherrack":6,"minecraft:oak_slab":5,"xycraft_world:xychorium_gem_green":34,"exdeorum:deepslate_pebble":219,"allthecompressed:cobblestone_1x":19,"minecraft:cobblestone":425,"exdeorum:iron_ore_chunk":7,"minecraft:coal":74,"minecraft:stick":4,"minecraft:polished_andesite":14,"exdeorum:stone_pebble":230,"minecraft:bucket":1,"minecraft:redstone":2,"minecraft:furnace":1,"minecraft:raw_copper":4,"minecraft:raw_iron":4,"minecraft:composter":1,"minecraft:copper_ore":3,"xycraft_world:xychorium_gem_red":25,"minecraft:potato":2,"exdeorum:nickel_ore_chunk":10,"minecraft:stone":3,"exdeorum:tin_ore_chunk":4,"exdeorum:aluminum_ore_chunk":7,"minecraft:andesite":4,"ae2:certus_quartz_dust":4,"exdeorum:diorite_pebble":181,"minecraft:bamboo":2,"minecraft:stone_pickaxe":1,"exdeorum:blackstone_pebble":181,"exdeorum:andesite_pebble":91,"exdeorum:stone_hammer":9},"minecraft:broken":{"exdeorum:crook":4},"minecraft:crafted":{"minecraft:oak_planks":73,"minecraft:barrel":4,"alltheores:constantan_ingot":0,"alltheores:copper_dust":23,"minecraft:sand":1,"alltheores:silver_ore":10,"ironfurnaces:iron_furnace":1,"minecraft:stone":9,"projecte:high_covalence_dust":1,"exdeorum:unfired_porcelain_crucible":1,"ironfurnaces:diamond_furnace":2,"alltheores:osmium_ore":16,"minecraft:granite":5,"minecraft:glass":15,"alltheores:osmium_dust":16,"alltheores:nickel_ore":11,"silentgear:rough_rod":7,"allthecompressed:sand_1x":68,"minecraft:chest":8,"minecraft:copper_block":6,"mekanism:basic_fluid_tank":1,"minecraft:ender_eye":3,"alltheores:steel_dust":19,"exdeorum:stone_hammer":66,"exdeorum:porcelain_crucible":1,"mekanism:energy_tablet":2,"minecraft:raw_iron_block":8,"cobblefordays:tier_2":1,"rftoolspower:coalgenerator":1,"minecraft:oak_slab":5,"minecraft:emerald":1,"exdeorum:oak_barrel":3,"minecraft:crafting_table":1,"minecraft:gold_ore":57,"minecraft:gravel":1,"minecraft:copper_ingot":18,"minecraft:gold_block":1,"minecraft:campfire":1,"minecraft:diorite":5,"cobblefordays:tier_1":1,"alltheores:lead_ore":8,"thermal:redstone_servo":1,"minecraft:charcoal":1,"mekanism:steel_casing":5,"exdeorum:flint_mesh":9,"minecraft:stick":54,"mekanism:crusher":1,"minecraft:iron_ingot":33,"projecte:medium_covalence_dust":1,"minecraft:iron_ore":146,"minecraft:gold_ingot":0,"exdeorum:oak_sieve":9,"minecraft:redstone_torch":5,"minecraft:composter":1,"alltheores:constantan_gear":1,"minecraft:polished_andesite":5,"mekanism:basic_universal_cable":1,"functionalstorage:simple_compacting_drawer":1,"ironfurnaces:gold_furnace":2,"rftoolsbase:machine_frame":1,"minecraft:cobbled_deepslate":2,"minecraft:furnace":5,"alltheores:invar_dust":4,"alltheores:gold_dust":57,"minecraft:piston":2,"exdeorum:diamond_mesh":9,"minecraft:bone_meal":1,"minecraft:raw_copper_block":24,"minecraft:diamond_block":2,"allthecompressed:gravel_1x":77,"alltheores:copper_ore_hammer":3,"ironfurnaces:emerald_furnace":2,"minecraft:basalt":5,"minecraft:diamond":2,"alltheores:tin_ore":10,"exdeorum:string_mesh":11,"minecraft:stone_pickaxe":1,"alltheores:constantan_dust":2,"minecraft:redstone_block":1,"alltheores:steel_ingot":0,"exdeorum:iron_mesh":9,"functionalstorage:oak_1":4,"dankstorage:dank_1":4,"alltheores:nickel_dust":3,"exdeorum:golden_mesh":9,"pickletweaks:emerald_pickaxe":1,"constructionwand:diamond_wand":1,"alltheores:osmium_ingot":0,"mekanism:metallurgic_infuser":1,"alltheores:nickel_ingot":0,"alltheores:invar_ingot":0,"mekanism:superheating_element":2,"exdeorum:compressed_stone_hammer":6,"minecraft:copper_ore":91,"minecraft:bucket":2,"projecte:low_covalence_dust":1,"minecraft:air":2053,"exdeorum:crook":8,"minecraft:blue_dye":7,"exdeorum:porcelain_clay_ball":12,"minecraft:white_wool":7,"minecraft:cobblestone":258,"mekanism:basic_energy_cube":1,"minecraft:gold_nugget":9,"mekanism:enrichment_chamber":1,"minecraft:flint":4,"minecraft:blackstone":5,"alltheores:iron_dust":71,"minecraft:white_bed":1,"minecraft:andesite":32,"thermal:device_rock_gen":1},"minecraft:used":{"rftoolspower:coalgenerator":1,"mekanism:basic_fluid_tank":1,"minecraft:chest":4,"allthecompressed:cobblestone_1x":502,"pickletweaks:emerald_pickaxe":356,"mekanism:basic_energy_cube":2,"minecraft:lava_bucket":16,"minecraft:copper_ore":70,"ironfurnaces:iron_furnace":1,"minecraft:oak_sapling":14,"minecraft:furnace":2,"minecraft:diorite":6,"minecraft:stone_pickaxe":76,"minecraft:oak_planks":1,"minecraft:blackstone":6,"minecraft:clay":4,"minecraft:sand":108,"alltheores:nickel_ore":11,"mekanism:superheating_element":4,"exdeorum:oak_barrel":6,"mekanism:crusher":3,"mekanism:metallurgic_infuser":3,"minecraft:gravel":4254,"minecraft:wooden_sword":8,"minecraft:andesite":7,"exdeorum:compressed_stone_hammer":646,"exdeorum:mycelium_spores":1,"ironfurnaces:gold_furnace":2,"mekanism:enrichment_chamber":1,"exdeorum:crook":727,"thermal:device_rock_gen":2,"minecraft:netherrack":1,"minecraft:stick":1,"minecraft:torch":6,"minecraft:dirt":77,"exdeorum:witch_water_bucket":1,"cobblefordays:tier_2":2,"alltheores:silver_ore":10,"alltheores:osmium_ore":16,"exdeorum:silk_worm":7,"minecraft:granite":5,"functionalstorage:simple_compacting_drawer":2,"minecraft:wooden_axe":80,"minecraft:barrel":1,"exdeorum:porcelain_crucible":2,"alltheores:tin_ore":10,"minecraft:basalt":8,"exdeorum:stone_hammer":811,"constructionwand:diamond_wand":51,"tombstone:gift":2,"minecraft:cooked_beef":8,"minecraft:cobbled_deepslate":2,"exdeorum:oak_sieve":20,"minecraft:water_bucket":29,"minecraft:iron_ore":126,"minecraft:polished_andesite":21,"minecraft:gold_ore":57,"minecraft:crafting_table":1,"minecraft:oak_slab":1,"minecraft:campfire":1,"minecraft:white_bed":1,"exdeorum:dust":765,"allthecompressed:sand_1x":69,"allthecompressed:gravel_1x":78,"minecraft:cobblestone":566,"ironfurnaces:emerald_furnace":2,"minecraft:bucket":47},"minecraft:mined":{"minecraft:granite":5,"minecraft:grass_block":29,"thermal:device_rock_gen":1,"allthecompressed:sand_1x":69,"ironfurnaces:gold_furnace":2,"minecraft:iron_ore":126,"minecraft:fire":6,"minecraft:cobbled_deepslate":2,"supplementaries:stick":1,"exdeorum:oak_sieve":11,"alltheores:nickel_ore":11,"minecraft:blackstone":6,"ironfurnaces:iron_furnace":2,"minecraft:clay":4,"minecraft:torch":4,"minecraft:cobblestone":643,"minecraft:oak_planks":1,"cobblefordays:tier_2":1,"exdeorum:dust":2,"alltheores:tin_ore":10,"minecraft:oak_log":68,"exdeorum:oak_barrel":3,"minecraft:sand":108,"minecraft:dirt":33,"allthecompressed:cobblestone_1x":501,"minecraft:oak_leaves":429,"alltheores:osmium_ore":16,"minecraft:red_mushroom":1,"minecraft:furnace":1,"minecraft:andesite":7,"functionalstorage:simple_compacting_drawer":1,"mekanism:superheating_element":3,"alltheores:silver_ore":10,"exdeorum:porcelain_crucible":1,"minecraft:oak_slab":1,"mekanism:crusher":2,"exdeorum:infested_leaves":298,"minecraft:basalt":8,"mekanism:basic_energy_cube":1,"allthecompressed:gravel_1x":78,"minecraft:campfire":1,"minecraft:copper_ore":70,"mekanism:metallurgic_infuser":2,"minecraft:diorite":6,"minecraft:gravel":122,"minecraft:polished_andesite":21,"minecraft:gold_ore":57},"minecraft:custom":{"minecraft:interact_with_crafting_table":155,"minecraft:open_barrel":33,"minecraft:leave_game":8,"minecraft:time_since_death":142686,"minecraft:sprint_one_cm":62428,"minecraft:drop":223,"minecraft:talked_to_villager":2,"minecraft:play_time":366277,"minecraft:deaths":1,"minecraft:jump":946,"minecraft:walk_on_water_one_cm":9879,"minecraft:interact_with_furnace":180,"minecraft:traded_with_villager":3,"minecraft:sleep_in_bed":3,"minecraft:damage_dealt":135,"minecraft:crouch_one_cm":84334,"minecraft:walk_one_cm":357159,"minecraft:sneak_time":24712,"minecraft:walk_under_water_one_cm":6070,"minecraft:total_world_time":366277,"minecraft:time_since_rest":11026,"minecraft:damage_taken":810,"minecraft:use_wand":535,"minecraft:swim_one_cm":420,"minecraft:fly_one_cm":29053,"minecraft:open_chest":232,"minecraft:fall_one_cm":132820},"minecraft:picked_up":{"exdeorum:mycelium_spores":1,"exdeorum:dust":730,"exdeorum:iron_ore_chunk":591,"minecraft:string":128,"minecraft:raw_copper":241,"minecraft:cobbled_deepslate":1,"minecraft:bucket":1,"xycraft_world:xychorium_gem_green":34,"minecraft:furnace":1,"minecraft:stick":21,"minecraft:torch":7,"minecraft:pointed_dripstone":114,"minecraft:diorite":6,"exdeorum:tin_ore_chunk":364,"minecraft:blaze_powder":38,"minecraft:cobblestone":235,"exdeorum:osmium_ore_chunk":229,"exdeorum:basalt_pebble":215,"minecraft:andesite":5,"enderio:grains_of_infinity":81,"minecraft:potato":2,"minecraft:flint":546,"minecraft:dirt":59,"minecraft:lapis_lazuli":378,"exdeorum:nickel_ore_chunk":310,"alltheores:raw_tin":10,"minecraft:raw_gold":75,"minecraft:glowstone_dust":90,"minecraft:bamboo":2,"minecraft:oak_planks":1,"ironfurnaces:iron_furnace":2,"mekanism:metallurgic_infuser":2,"xycraft_world:xychorium_gem_red":25,"minecraft:sand":821,"exdeorum:flint_mesh":14,"xycraft_world:xychorium_gem_dark":30,"xycraft_world:xychorium_gem_light":39,"alltheores:raw_nickel":11,"minecraft:polished_andesite":15,"thermal:device_rock_gen":1,"exdeorum:diamond_mesh":2,"minecraft:clay":2,"minecraft:diamond":120,"cobblefordays:tier_2":1,"minecraft:bone_meal":76,"exdeorum:copper_ore_chunk":383,"minecraft:emerald":103,"mekanism:superheating_element":2,"minecraft:oak_sapling":56,"exdeorum:gold_ore_chunk":281,"minecraft:charcoal":2,"minecraft:clay_ball":16,"exdeorum:oak_barrel":3,"exdeorum:blackstone_pebble":201,"minecraft:wooden_sword":1,"exdeorum:granite_pebble":200,"exdeorum:string_mesh":10,"minecraft:blackstone":6,"exdeorum:golden_mesh":17,"exdeorum:iron_mesh":10,"exdeorum:zinc_ore_chunk":246,"minecraft:iron_nugget":11,"allthecompressed:cobblestone_1x":2,"minecraft:raw_iron":126,"exdeorum:porcelain_crucible":1,"mekanism:basic_energy_cube":1,"minecraft:carrot":4,"minecraft:redstone":81,"mekanism:crusher":2,"exdeorum:silk_worm":11,"xycraft_world:xychorium_gem_blue":30,"ironfurnaces:gold_furnace":2,"ae2:certus_quartz_dust":68,"exdeorum:diorite_pebble":201,"exdeorum:andesite_pebble":219,"alltheores:iron_dust":3,"alltheores:raw_osmium":16,"minecraft:basalt":3,"minecraft:red_mushroom":1,"forcecraft:force_gem":67,"minecraft:oak_log":82,"minecraft:gunpowder":105,"mekanism:salt":85,"ae2:sky_dust":68,"minecraft:apple":5,"exdeorum:stone_pebble":1264,"exdeorum:oak_sieve":11,"minecraft:iron_ingot":3,"functionalstorage:simple_compacting_drawer":1,"minecraft:oak_slab":1,"exdeorum:deepslate_pebble":231,"exdeorum:lead_ore_chunk":292,"minecraft:amethyst_shard":192,"minecraft:gravel":4945,"exdeorum:silver_ore_chunk":303,"forbidden_arcanus:arcane_crystal":25,"exdeorum:aluminum_ore_chunk":263,"alltheores:raw_silver":10,"minecraft:coal":596}},"DataVersion":3465}