{"stats":{"minecraft:broken":{"exdeorum:crook":4},"minecraft:picked_up":{"exdeorum:gold_ore_chunk":56,"exdeorum:dust":171,"minecraft:clay_ball":16,"exdeorum:iron_ore_chunk":166,"exdeorum:oak_barrel":2,"exdeorum:blackstone_pebble":178,"minecraft:string":97,"exdeorum:string_mesh":10,"minecraft:raw_copper":21,"exdeorum:granite_pebble":167,"minecraft:blackstone":1,"minecraft:bucket":1,"exdeorum:zinc_ore_chunk":58,"minecraft:iron_nugget":11,"xycraft_world:xychorium_gem_green":11,"minecraft:furnace":1,"minecraft:stick":18,"minecraft:raw_iron":18,"minecraft:torch":4,"minecraft:pointed_dripstone":114,"minecraft:diorite":1,"minecraft:redstone":17,"exdeorum:silk_worm":10,"xycraft_world:xychorium_gem_blue":9,"ae2:certus_quartz_dust":9,"exdeorum:diorite_pebble":184,"exdeorum:tin_ore_chunk":109,"exdeorum:andesite_pebble":195,"alltheores:iron_dust":3,"minecraft:blaze_powder":12,"minecraft:cobblestone":132,"exdeorum:osmium_ore_chunk":54,"exdeorum:basalt_pebble":196,"minecraft:basalt":3,"minecraft:andesite":1,"enderio:grains_of_infinity":19,"forcecraft:force_gem":7,"minecraft:flint":292,"minecraft:oak_log":76,"minecraft:gunpowder":22,"exdeorum:nickel_ore_chunk":87,"minecraft:lapis_lazuli":89,"minecraft:dirt":4,"mekanism:salt":15,"ae2:sky_dust":15,"minecraft:apple":5,"exdeorum:oak_sieve":2,"exdeorum:stone_pebble":1109,"minecraft:iron_ingot":1,"minecraft:glowstone_dust":16,"functionalstorage:simple_compacting_drawer":1,"exdeorum:deepslate_pebble":191,"exdeorum:lead_ore_chunk":70,"xycraft_world:xychorium_gem_red":6,"minecraft:gravel":1564,"exdeorum:flint_mesh":14,"minecraft:sand":164,"minecraft:amethyst_shard":42,"exdeorum:silver_ore_chunk":74,"xycraft_world:xychorium_gem_dark":9,"forbidden_arcanus:arcane_crystal":4,"minecraft:polished_andesite":1,"xycraft_world:xychorium_gem_light":14,"minecraft:clay":2,"exdeorum:aluminum_ore_chunk":76,"minecraft:diamond":2,"cobblefordays:tier_2":1,"minecraft:bone_meal":20,"exdeorum:copper_ore_chunk":138,"minecraft:emerald":7,"minecraft:oak_sapling":56,"minecraft:coal":228},"minecraft:crafted":{"minecraft:oak_planks":70,"functionalstorage:simple_compacting_drawer":1,"minecraft:barrel":1,"minecraft:cobbled_deepslate":2,"alltheores:copper_dust":21,"minecraft:sand":1,"minecraft:furnace":2,"ironfurnaces:iron_furnace":1,"minecraft:piston":1,"minecraft:stone":9,"exdeorum:unfired_porcelain_crucible":1,"minecraft:bone_meal":1,"allthecompressed:gravel_1x":4,"minecraft:granite":5,"alltheores:copper_ore_hammer":1,"minecraft:basalt":5,"minecraft:glass":15,"silentgear:rough_rod":7,"exdeorum:string_mesh":11,"allthecompressed:sand_1x":6,"minecraft:stone_pickaxe":1,"minecraft:chest":6,"minecraft:copper_block":2,"exdeorum:stone_hammer":29,"exdeorum:iron_mesh":9,"exdeorum:porcelain_crucible":1,"functionalstorage:oak_1":4,"dankstorage:dank_1":1,"cobblefordays:tier_2":1,"minecraft:oak_slab":4,"exdeorum:oak_barrel":2,"minecraft:crafting_table":1,"minecraft:gravel":1,"minecraft:copper_ingot":18,"minecraft:copper_ore":24,"exdeorum:compressed_stone_hammer":2,"minecraft:bucket":2,"minecraft:campfire":1,"minecraft:diorite":5,"cobblefordays:tier_1":1,"minecraft:air":984,"exdeorum:crook":8,"exdeorum:porcelain_clay_ball":12,"minecraft:charcoal":1,"minecraft:cobblestone":258,"exdeorum:flint_mesh":9,"minecraft:stick":28,"minecraft:flint":4,"minecraft:iron_ingot":33,"minecraft:blackstone":5,"minecraft:iron_ore":40,"exdeorum:oak_sieve":9,"alltheores:iron_dust":15,"minecraft:andesite":26,"minecraft:composter":1,"minecraft:polished_andesite":5},"minecraft:mined":{"minecraft:grass_block":5,"allthecompressed:sand_1x":7,"minecraft:furnace":1,"minecraft:iron_ore":18,"minecraft:fire":5,"minecraft:andesite":3,"functionalstorage:simple_compacting_drawer":1,"exdeorum:oak_sieve":2,"minecraft:blackstone":1,"exdeorum:infested_leaves":234,"minecraft:basalt":3,"minecraft:clay":4,"minecraft:torch":4,"allthecompressed:gravel_1x":5,"minecraft:copper_ore":6,"minecraft:cobblestone":625,"minecraft:diorite":1,"cobblefordays:tier_2":1,"exdeorum:dust":1,"minecraft:oak_log":62,"exdeorum:oak_barrel":2,"minecraft:sand":108,"minecraft:gravel":120,"allthecompressed:cobblestone_1x":124,"minecraft:polished_andesite":1,"minecraft:oak_leaves":429},"minecraft:custom":{"minecraft:interact_with_crafting_table":77,"minecraft:leave_game":5,"minecraft:time_since_death":173149,"minecraft:sprint_one_cm":4221,"minecraft:walk_one_cm":140732,"minecraft:drop":139,"minecraft:play_time":173149,"minecraft:sneak_time":19148,"minecraft:walk_under_water_one_cm":629,"minecraft:jump":402,"minecraft:walk_on_water_one_cm":5594,"minecraft:total_world_time":173149,"minecraft:interact_with_furnace":66,"minecraft:time_since_rest":173149,"minecraft:damage_taken":170,"minecraft:fly_one_cm":1209,"minecraft:swim_one_cm":420,"minecraft:open_chest":71,"minecraft:crouch_one_cm":64582,"minecraft:fall_one_cm":6270},"minecraft:used":{"minecraft:chest":2,"exdeorum:crook":663,"allthecompressed:cobblestone_1x":124,"minecraft:torch":5,"minecraft:dirt":1,"cobblefordays:tier_2":2,"exdeorum:silk_worm":5,"minecraft:granite":5,"functionalstorage:simple_compacting_drawer":2,"minecraft:wooden_axe":80,"minecraft:lava_bucket":6,"minecraft:copper_ore":6,"exdeorum:porcelain_crucible":1,"minecraft:basalt":8,"ironfurnaces:iron_furnace":1,"exdeorum:stone_hammer":811,"minecraft:oak_sapling":13,"minecraft:furnace":2,"minecraft:cooked_beef":3,"minecraft:cobbled_deepslate":2,"exdeorum:oak_sieve":11,"minecraft:water_bucket":12,"minecraft:diorite":6,"minecraft:iron_ore":18,"minecraft:polished_andesite":21,"minecraft:stone_pickaxe":76,"minecraft:blackstone":6,"minecraft:clay":4,"minecraft:sand":108,"minecraft:crafting_table":1,"minecraft:campfire":1,"exdeorum:dust":206,"exdeorum:oak_barrel":4,"allthecompressed:gravel_1x":5,"allthecompressed:sand_1x":7,"minecraft:gravel":1474,"minecraft:cobblestone":250,"minecraft:bucket":17,"minecraft:andesite":7,"exdeorum:compressed_stone_hammer":136},"minecraft:dropped":{"exdeorum:basalt_pebble":176,"xycraft_world:xychorium_gem_green":11,"xycraft_world:xychorium_gem_dark":8,"minecraft:lapis_lazuli":1,"exdeorum:deepslate_pebble":179,"exdeorum:copper_ore_chunk":2,"minecraft:cobblestone":112,"exdeorum:iron_ore_chunk":1,"minecraft:coal":2,"minecraft:stick":2,"exdeorum:compressed_stone_hammer":1,"minecraft:amethyst_shard":2,"exdeorum:granite_pebble":147,"exdeorum:crook":1,"exdeorum:stone_pebble":75,"minecraft:bucket":1,"exdeorum:lead_ore_chunk":4,"enderio:grains_of_infinity":15,"minecraft:redstone":2,"xycraft_world:xychorium_gem_light":14,"exdeorum:string_mesh":2,"xycraft_world:xychorium_gem_blue":6,"minecraft:composter":1,"minecraft:pointed_dripstone":7,"minecraft:glowstone_dust":1,"minecraft:blaze_powder":1,"ae2:sky_dust":5,"xycraft_world:xychorium_gem_red":6,"exdeorum:nickel_ore_chunk":1,"minecraft:stone":3,"minecraft:gunpowder":1,"exdeorum:tin_ore_chunk":2,"exdeorum:aluminum_ore_chunk":2,"ae2:certus_quartz_dust":4,"forbidden_arcanus:arcane_crystal":4,"exdeorum:diorite_pebble":164,"exdeorum:andesite_pebble":91,"exdeorum:blackstone_pebble":158,"exdeorum:stone_hammer":8}},"DataVersion":3465}