{"stats":{"minecraft:used":{"mekanism:upgrade_gas":2,"trashcans:item_trash_can":5,"rftoolspower:coalgenerator":3,"minecraft:chest":20,"minecraft:stone":9,"fluxnetworks:flux_plug":1,"minecraft:soul_sand":22,"mekanism:basic_energy_cube":3,"alltheores:lead_ore":64,"minecraft:packed_ice":1,"minecraft:lava_bucket":20,"itemcollectors:basic_collector":11,"minecraft:copper_ore":70,"ironfurnaces:iron_furnace":1,"minecraft:oak_sapling":49,"minecraft:furnace":2,"mekanismgenerators:gas_burning_generator":14,"minecraft:potato":17,"mekanism:advanced_universal_cable":56,"minecraft:diorite":6,"minecraft:cactus":4,"minecraft:blackstone":6,"minecraft:leather_chestplate":1,"minecraft:clay":4,"rftoolsutility:crafter3":12,"minecraft:sand":112,"mekanism:elite_universal_cable":1,"chipped:cut_cobblestone_column":228,"ironfurnaces:heater":3,"alltheores:aluminum_ore":64,"minecraft:wooden_sword":8,"exmachinis:flux_sieve":14,"ironfurnaces:gold_furnace":2,"minecraft:iron_bars":2,"exdeorum:compressed_diamond_hammer":71,"chipped:bordered_cobblestone":62,"minecraft:mycelium":1,"farmingforblockheads:market":1,"exdeorum:crook":814,"minecraft:netherrack":310,"minecraft:stick":3,"minecraft:torch":6,"exdeorum:witch_water_bucket":3,"alltheores:silver_ore":74,"alchemistry:compactor":1,"utilitarian:snad":8,"mekanism:purification_chamber":5,"allthecompressed:netherrack_1x":4,"sophisticatedstorage:diamond_chest":10,"minecraft:barrel":13,"chipped:massive_cobblestone_bricks":3,"alltheores:tin_ore":74,"minecraft:basalt":8,"cobblefordays:tier_1":4,"mekanism:upgrade_energy":16,"constructionwand:diamond_wand":138,"tombstone:gift":4,"minecraft:cobbled_deepslate":2,"exdeorum:oak_sieve":21,"minecraft:water_bucket":63,"minecraft:gold_ore":57,"minecraft:oak_slab":1,"minecraft:crafting_table":1,"minecraft:white_bed":1,"minecraft:campfire":1,"occultism:datura":1,"exdeorum:compressed_crushed_netherrack":4,"alchemistry:atomizer":1,"minecraft:diamond_pickaxe":321,"allthecompressed:sand_1x":180,"allthecompressed:gravel_1x":226,"minecraft:cobblestone":629,"minecraft:dandelion":1,"minecraft:red_sand":36,"mekanism:basic_fluid_tank":1,"minecraft:iron_sword":87,"allthecompressed:cobblestone_1x":816,"pickletweaks:emerald_pickaxe":1319,"mekanism:basic_mechanical_pipe":3,"mekanism:basic_universal_cable":44,"minecraft:obsidian":2,"mekanism:alloy_reinforced":8,"alchemistry:combiner":1,"mekanismgenerators:wind_generator":3,"mekanism:basic_tier_installer":3,"minecraft:magma_block":1,"pipez:item_pipe":80,"minecraft:beetroot_seeds":1,"minecraft:diamond_boots":2,"minecraft:stone_pickaxe":76,"minecraft:oak_planks":19,"chipped:edged_deepslate_bricks":480,"minecraft:diamond_axe":422,"minecraft:sugar_cane":3,"alltheores:nickel_ore":75,"minecraft:end_stone":33,"mekanism:superheating_element":4,"exdeorum:oak_barrel":18,"mekanism:crusher":11,"mekanism:metallurgic_infuser":6,"mekanism:upgrade_speed":11,"minecraft:gravel":5431,"exmachinis:flux_hammer":14,"functionalstorage:oak_1":12,"minecraft:andesite":7,"exdeorum:crushed_end_stone":33,"exdeorum:compressed_stone_hammer":1160,"mekanism:basic_smelting_factory":1,"minecraft:bone_meal":5,"exdeorum:mycelium_spores":1,"cookingforblockheads:sink":10,"mekanism:enrichment_chamber":7,"thermal:device_rock_gen":3,"minecraft:stone_hoe":5,"minecraft:dirt":138,"alchemistry:liquifier":1,"cobblefordays:tier_2":4,"alltheores:osmium_ore":69,"exdeorum:silk_worm":9,"mekanism:alloy_infused":2,"minecraft:granite":5,"functionalstorage:simple_compacting_drawer":3,"alchemistry:dissolver":1,"minecraft:wooden_axe":80,"cobblefordays:tier_5":1,"exdeorum:porcelain_crucible":2,"exdeorum:stone_hammer":811,"minecraft:cooked_beef":32,"mekanism:electrolytic_separator":2,"mekanism:pressurized_reaction_chamber":5,"pipez:fluid_pipe":41,"minecraft:iron_ore":186,"fluxnetworks:flux_point":1,"minecraft:polished_andesite":21,"minecraft:baked_potato":21,"chipped:mason_table":1,"exdeorum:stone_barrel":12,"exdeorum:dust":1689,"sophisticatedstorage:copper_chest":1,"exdeorum:diamond_hammer":38,"pipez:gas_pipe":11,"alltheores:zinc_ore":61,"ironfurnaces:emerald_furnace":5,"minecraft:bucket":120,"chipped:polished_cobblestone":17},"minecraft:broken":{"minecraft:leather_chestplate":1,"exdeorum:crook":4},"minecraft:custom":{"minecraft:interact_with_crafting_table":516,"minecraft:open_barrel":267,"minecraft:leave_game":14,"minecraft:time_since_death":22151,"minecraft:play_time":1243622,"minecraft:deaths":9,"minecraft:jump":6438,"minecraft:interact_with_furnace":474,"minecraft:traded_with_villager":7,"minecraft:sleep_in_bed":30,"minecraft:damage_dealt":7908,"tombstone:undead_killed":9,"minecraft:sneak_time":55426,"minecraft:total_world_time":1243622,"minecraft:time_since_rest":7792,"minecraft:use_wand":1423,"minecraft:swim_one_cm":4853,"minecraft:fly_one_cm":887164,"minecraft:open_chest":1343,"minecraft:fall_one_cm":622018,"minecraft:sprint_one_cm":891982,"minecraft:drop":649,"minecraft:talked_to_villager":29,"minecraft:walk_on_water_one_cm":17762,"minecraft:crouch_one_cm":218050,"tombstone:villager_killed":2,"minecraft:mob_kills":35,"minecraft:damage_dealt_resisted":0,"minecraft:walk_one_cm":1397375,"minecraft:walk_under_water_one_cm":17572,"minecraft:damage_taken":15484},"minecraft:mined":{"mekanismgenerators:wind_generator":1,"minecraft:obsidian":1,"minecraft:granite":5,"mekanism:purification_chamber":4,"allthecompressed:sand_1x":180,"minecraft:barrel":11,"minecraft:cobbled_deepslate":2,"minecraft:fire":7,"pipez:fluid_pipe":27,"chipped:cut_cobblestone_column":40,"alltheores:nickel_ore":75,"minecraft:brown_mushroom":5,"mekanism:enrichment_chamber":4,"exmachinis:flux_hammer":8,"ironfurnaces:iron_furnace":2,"minecraft:torch":4,"sophisticatedstorage:diamond_chest":3,"minecraft:sugar_cane":6,"exdeorum:dust":3,"alltheores:tin_ore":74,"minecraft:grass":60,"exdeorum:oak_barrel":11,"allthecompressed:cobblestone_1x":816,"minecraft:red_mushroom_block":45,"alltheores:osmium_ore":69,"chipped:polished_cobblestone":5,"minecraft:end_stone":33,"functionalstorage:oak_1":10,"minecraft:red_mushroom":2,"minecraft:andesite":7,"alltheores:lead_ore":64,"mekanism:superheating_element":3,"minecraft:potatoes":13,"mekanismgenerators:gas_burning_generator":5,"alltheores:silver_ore":74,"alltheores:aluminum_ore":64,"minecraft:oak_slab":1,"mekanism:crusher":8,"exdeorum:infested_leaves":449,"mekanism:basic_energy_cube":1,"minecraft:dandelion":12,"exmachinis:flux_sieve":11,"minecraft:campfire":1,"minecraft:copper_ore":70,"minecraft:tall_grass":9,"minecraft:diorite":6,"mekanism:pressurized_reaction_chamber":3,"minecraft:gravel":131,"minecraft:gold_ore":57,"minecraft:oak_sapling":1,"mekanism:advanced_universal_cable":4,"minecraft:grass_block":32,"pipez:gas_pipe":7,"thermal:device_rock_gen":1,"cobblefordays:tier_1":4,"ironfurnaces:gold_furnace":2,"minecraft:iron_ore":186,"minecraft:azure_bluet":1,"supplementaries:stick":3,"minecraft:iron_bars":1,"exdeorum:oak_sieve":11,"chipped:edged_deepslate_bricks":196,"minecraft:blackstone":6,"minecraft:clay":4,"minecraft:chest":11,"minecraft:mushroom_stem":10,"minecraft:cobblestone":735,"ironfurnaces:emerald_furnace":3,"rftoolsutility:crafter3":10,"minecraft:oak_planks":12,"cobblefordays:tier_2":3,"exdeorum:stone_barrel":9,"minecraft:oak_log":84,"minecraft:beetroots":1,"minecraft:sand":111,"minecraft:dirt":36,"mekanism:basic_universal_cable":8,"minecraft:netherrack":227,"ironfurnaces:heater":2,"minecraft:oak_leaves":429,"trashcans:item_trash_can":4,"alltheores:zinc_ore":61,"mekanism:basic_mechanical_pipe":1,"minecraft:brown_mushroom_block":45,"exdeorum:compressed_crushed_netherrack":4,"minecraft:furnace":1,"rftoolspower:coalgenerator":3,"functionalstorage:simple_compacting_drawer":2,"minecraft:stone":7,"exdeorum:porcelain_crucible":1,"utilitarian:snad":4,"minecraft:basalt":8,"pipez:item_pipe":48,"allthecompressed:gravel_1x":226,"chipped:massive_cobblestone_bricks":3,"sophisticatedstorage:copper_chest":1,"mekanism:metallurgic_infuser":3,"chipped:bordered_cobblestone":35,"itemcollectors:basic_collector":10,"allthecompressed:netherrack_1x":4,"minecraft:cactus":3,"cookingforblockheads:sink":7,"minecraft:polished_andesite":21},"minecraft:killed_by":{"minecraft:zombie":1,"minecraft:stray":2,"minecraft:creeper":1},"minecraft:killed":{"minecraft:skeleton":3,"minecraft:zombie":6,"minecraft:wandering_trader":2,"minecraft:spider":6,"minecraft:creeper":5,"minecraft:trader_llama":11,"forcecraft:creeper_tot":1,"forcecraft:fairy":1},"minecraft:dropped":{"exdeorum:basalt_pebble":195,"xycraft_world:xychorium_gem_dark":104,"minecraft:lapis_lazuli":50,"minecraft:chorus_fruit":4,"minecraft:diamond":32,"exdeorum:zinc_ore_chunk":16,"thermal:corn_seeds":1,"minecraft:red_mushroom":2,"exdeorum:gold_ore_chunk":18,"minecraft:dirt":7,"alltheores:nickel_clump":144,"mekanism:clump_iron":4,"exdeorum:crook":2,"minecraft:wooden_sword":2,"exdeorum:granite_pebble":187,"minecraft:bone_meal":6,"minecraft:sand":51,"exdeorum:lead_ore_chunk":24,"minecraft:bone":2,"minecraft:sugar_cane":3,"minecraft:iron_nugget":7,"minecraft:cobbled_deepslate":1,"mekanism:substrate":384,"xycraft_world:xychorium_gem_blue":104,"minecraft:rotten_flesh":2,"minecraft:oak_planks":5,"minecraft:glowstone_dust":17,"minecraft:blaze_powder":1,"exdeorum:silver_ore_chunk":21,"minecraft:azure_bluet":1,"thermal:eggplant_seeds":2,"mekanism:alloy_infused":2,"mekanism:bio_fuel":60,"alltheores:nickel_ingot":24,"minecraft:charcoal":2,"mysticalagriculture:inferium_essence":7,"apotheosis:gem":1,"forbidden_arcanus:arcane_crystal":62,"minecraft:glass":24,"mekanism:clump_tin":88,"minecraft:ghast_tear":1,"minecraft:iron_ingot":39,"chipped:polished_cobblestone":4,"xycraft_world:xychorium_gem_green":94,"minecraft:wheat_seeds":2,"exdeorum:deepslate_pebble":292,"minecraft:cobblestone":1588,"minecraft:apple":5,"minecraft:coal":74,"minecraft:polished_andesite":14,"chipped:cut_cobblestone_column":1,"alltheores:dirty_nickel_dust":48,"alltheores:copper_ore_hammer":1,"alltheores:dirty_silver_dust":50,"thermal:radish_seeds":1,"mekanism:dirty_dust_tin":50,"minecraft:paper":1,"minecraft:string":4,"xycraft_world:xychorium_storage_dark":10,"alltheores:gold_gear":2,"minecraft:furnace":1,"thermal:amaranth_seeds":1,"minecraft:deepslate":4,"xycraft_world:xychorium_storage_red":10,"minecraft:pumpkin_seeds":1,"functionalstorage:oak_1":1,"xycraft_world:xychorium_gem_red":89,"minecraft:potato":15,"minecraft:stone":10,"exdeorum:aluminum_ore_chunk":16,"exdeorum:diorite_pebble":189,"minecraft:stone_pressure_plate":12,"minecraft:spider_eye":3,"minecraft:bamboo":5,"exdeorum:blackstone_pebble":181,"exdeorum:andesite_pebble":92,"alltheores:steel_ingot":7,"minecraft:brown_mushroom":7,"alltheores:raw_silver":32,"minecraft:oak_log":14,"alltheores:raw_nickel":1,"exdeorum:copper_ore_chunk":83,"minecraft:leather":3,"minecraft:flint":724,"minecraft:cyan_terracotta":2,"minecraft:ice":2,"exdeorum:iron_hammer":1,"exdeorum:compressed_stone_hammer":9,"minecraft:amethyst_shard":42,"enderio:grains_of_infinity":15,"xycraft_world:xychorium_storage_light":10,"xycraft_world:xychorium_gem_light":98,"minecraft:gravel":58,"thermal:spinach_seeds":1,"minecraft:blackstone":5,"exdeorum:string_mesh":2,"minecraft:pointed_dripstone":7,"minecraft:beetroot":1,"minecraft:diamond_shovel":5,"xycraft_world:xychorium_storage_green":10,"minecraft:carrot":19,"ae2:sky_dust":21,"ars_nouveau:sourceberry_bush":1,"minecraft:gunpowder":7,"minecraft:melon_seeds":2,"minecraft:beetroot_seeds":3,"utilitarian:snad":1,"minecraft:arrow":4,"immersiveengineering:seed":2,"minecraft:netherrack":6,"minecraft:stone_hoe":2,"minecraft:oak_slab":5,"minecraft:chorus_flower":2,"allthecompressed:cobblestone_1x":182,"exdeorum:mycelium_spores":4,"minecraft:poisonous_potato":1,"chipped:edged_deepslate_bricks":58,"minecraft:lead":9,"forcecraft:pile_of_gunpowder":2,"minecraft:copper_ingot":1,"mysticalagriculture:soulium_dust":2,"exdeorum:iron_ore_chunk":138,"exdeorum:osmium_ore_chunk":167,"minecraft:stick":127,"exdeorum:grass_seeds":6,"tombstone:grave_dust":2,"mysticalagriculture:prosperity_shard":7,"minecraft:cactus":97,"exdeorum:stone_pebble":538,"minecraft:bucket":1,"minecraft:dandelion":3,"minecraft:redstone":258,"alltheores:iron_dust":2,"pickletweaks:emerald_pickaxe":1,"minecraft:nether_wart":1,"minecraft:raw_copper":4,"minecraft:raw_iron":4,"minecraft:composter":1,"chipped:bordered_cobblestone":176,"xycraft_world:xychorium_storage_blue":10,"minecraft:glass_pane":24,"minecraft:copper_ore":3,"thermal:sadiroot_seeds":1,"exdeorum:nickel_ore_chunk":21,"exdeorum:tin_ore_chunk":23,"minecraft:andesite":4,"minecraft:oak_sapling":59,"ae2:certus_quartz_dust":85,"alltheores:nickel_ore":1,"minecraft:stone_pickaxe":1,"exdeorum:stone_hammer":9},"minecraft:picked_up":{"exdeorum:dust":1730,"minecraft:lead":9,"exdeorum:iron_ore_chunk":791,"xycraft_world:xychorium_storage_green":5,"exdeorum:grass_seeds":8,"minecraft:string":174,"minecraft:beetroot":2,"mysticalagriculture:inferium_essence":8,"minecraft:cobbled_deepslate":1,"mekanism:basic_universal_cable":22,"thermal:sadiroot_seeds":1,"mysticalagriculture:prosperity_shard":7,"thermal:radish_seeds":1,"ars_nouveau:sourceberry_bush":1,"minecraft:iron_bars":1,"enderio:grains_of_infinity":187,"minecraft:flint":673,"trashcans:item_trash_can":4,"exdeorum:nickel_ore_chunk":408,"ironfurnaces:item_heater":1,"pipez:fluid_pipe":25,"mysticalagriculture:soulium_dust":2,"minecraft:glowstone_dust":198,"mekanism:metallurgic_infuser":5,"xycraft_world:xychorium_gem_red":91,"exmachinis:flux_hammer":8,"exdeorum:flint_mesh":14,"minecraft:barrel":10,"xycraft_world:xychorium_gem_dark":89,"alltheores:osmium_ore":12,"mekanism:basic_mechanical_pipe":3,"minecraft:polished_andesite":15,"thermal:device_rock_gen":1,"exdeorum:diamond_mesh":7,"minecraft:deepslate":2,"ironfurnaces:heater":2,"thermal:eggplant_seeds":2,"exdeorum:copper_ore_chunk":525,"chipped:bordered_cobblestone":34,"exdeorum:gold_ore_chunk":370,"alltheores:steel_ingot":6,"minecraft:nether_wart":1,"minecraft:clay_ball":16,"exdeorum:granite_pebble":207,"mekanism:pressurized_reaction_chamber":4,"minecraft:glass_pane":12,"exdeorum:iron_mesh":10,"exdeorum:zinc_ore_chunk":348,"minecraft:iron_nugget":11,"allthecompressed:cobblestone_1x":4,"minecraft:chest":11,"minecraft:copper_ore":8,"alltheores:raw_zinc":61,"pipez:item_pipe":42,"mekanism:elite_universal_cable":4,"minecraft:carrot":19,"exmachinis:flux_sieve":11,"minecraft:redstone":195,"mekanism:crusher":9,"exdeorum:silk_worm":12,"minecraft:beetroot_seeds":5,"ironfurnaces:gold_furnace":2,"exmachinis:gold_upgrade":2,"exdeorum:andesite_pebble":220,"alltheores:iron_dust":67,"minecraft:gold_ingot":10,"alltheores:raw_osmium":69,"rftoolspower:coalgenerator":3,"mekanismgenerators:gas_burning_generator":7,"minecraft:red_mushroom":16,"forcecraft:force_gem":211,"minecraft:oak_log":299,"minecraft:apple":11,"exdeorum:stone_pebble":1572,"rftoolsutility:crafter3":10,"exdeorum:deepslate_pebble":304,"exdeorum:lead_ore_chunk":412,"minecraft:gravel":7771,"alltheores:zinc_ore":15,"exdeorum:silver_ore_chunk":397,"xycraft_world:xychorium_storage_red":5,"forbidden_arcanus:arcane_crystal":83,"cookingforblockheads:sink":7,"exdeorum:aluminum_ore_chunk":366,"immersiveengineering:seed":2,"mekanism:advanced_universal_cable":21,"chipped:edged_deepslate_bricks":26,"alltheores:raw_silver":74,"thermal:amaranth_seeds":1,"minecraft:melon_seeds":2,"minecraft:ender_pearl":2,"exdeorum:mycelium_spores":5,"mekanism:electrolytic_separator":1,"minecraft:raw_copper":241,"alltheores:silver_ore":12,"minecraft:red_sand":36,"cobblefordays:tier_1":4,"mekanism:purification_chamber":4,"minecraft:bucket":1,"minecraft:ender_eye":3,"thermal:spinach_seeds":1,"xycraft_world:xychorium_gem_green":94,"minecraft:furnace":1,"minecraft:stick":160,"apotheosis:gem":1,"minecraft:torch":7,"tombstone:grave_dust":2,"minecraft:pointed_dripstone":114,"minecraft:diorite":6,"minecraft:cactus":37,"minecraft:rotten_flesh":2,"thermal:corn_seeds":1,"exdeorum:tin_ore_chunk":503,"minecraft:chorus_flower":2,"minecraft:obsidian":12,"minecraft:blaze_powder":92,"minecraft:cobblestone":938,"exdeorum:osmium_ore_chunk":416,"occultism:datura_seeds":1,"exdeorum:basalt_pebble":215,"minecraft:leather_chestplate":1,"exdeorum:stone_barrel":9,"minecraft:andesite":5,"minecraft:potato":63,"minecraft:lapis_lazuli":568,"minecraft:dirt":61,"xycraft_world:xychorium_storage_dark":5,"alltheores:raw_tin":74,"minecraft:glass":23,"minecraft:bone":2,"itemcollectors:basic_collector":9,"minecraft:wheat_seeds":2,"minecraft:raw_gold":79,"forcecraft:pile_of_gunpowder":2,"alltheores:tin_ore":18,"minecraft:bamboo":5,"minecraft:stone_hoe":1,"minecraft:oak_planks":13,"ironfurnaces:iron_furnace":2,"minecraft:ghast_tear":1,"alltheores:raw_lead":64,"minecraft:poisonous_potato":1,"minecraft:sand":2159,"exdeorum:crushed_end_stone":33,"alltheores:raw_nickel":75,"xycraft_world:xychorium_gem_light":98,"minecraft:clay":28,"minecraft:diamond":205,"cobblefordays:tier_2":3,"alltheores:raw_aluminum":64,"minecraft:bone_meal":169,"minecraft:emerald":152,"mekanism:superheating_element":2,"minecraft:oak_sapling":131,"minecraft:netherrack":22,"minecraft:chorus_fruit":4,"functionalstorage:oak_1":10,"fluxnetworks:flux_dust":256,"minecraft:charcoal":2,"minecraft:azure_bluet":1,"minecraft:brown_mushroom":10,"chipped:massive_cobblestone_bricks":3,"exdeorum:oak_barrel":11,"exdeorum:blackstone_pebble":201,"exdeorum:string_mesh":10,"minecraft:wooden_sword":1,"exdeorum:golden_mesh":17,"minecraft:blackstone":6,"minecraft:sugar_cane":9,"minecraft:raw_iron":186,"minecraft:end_stone":33,"exdeorum:porcelain_crucible":1,"sophisticatedstorage:copper_chest":1,"mekanism:basic_energy_cube":2,"minecraft:arrow":4,"xycraft_world:xychorium_gem_blue":107,"ae2:certus_quartz_dust":156,"exdeorum:diorite_pebble":209,"xycraft_world:xychorium_storage_light":5,"exdeorum:crushed_netherrack":36,"chipped:cut_cobblestone_column":6,"minecraft:basalt":3,"minecraft:leather":9,"minecraft:ice":2,"minecraft:gunpowder":245,"mekanism:enrichment_chamber":5,"mekanism:salt":228,"ae2:sky_dust":164,"pipez:gas_pipe":7,"exdeorum:oak_sieve":11,"minecraft:iron_ingot":3,"minecraft:soul_sand":9,"minecraft:oak_slab":1,"functionalstorage:simple_compacting_drawer":2,"minecraft:green_dye":17,"chipped:polished_cobblestone":4,"minecraft:quartz":5,"minecraft:dandelion":12,"minecraft:amethyst_shard":287,"minecraft:gold_ore":12,"minecraft:spider_eye":5,"ironfurnaces:augment_blasting":1,"mekanismgenerators:wind_generator":2,"minecraft:pumpkin_seeds":1,"utilitarian:snad":4,"sophisticatedstorage:diamond_chest":3,"xycraft_world:xychorium_storage_blue":5,"ironfurnaces:emerald_furnace":3,"minecraft:coal":673,"alltheores:copper_ore_hammer":1},"minecraft:crafted":{"pipez:basic_upgrade":1,"pipez:wrench":1,"ironfurnaces:item_heater":2,"minecraft:smooth_stone":0,"exdeorum:iron_hammer":1,"alltheores:constantan_ingot":0,"alltheores:signalum_ingot":32,"pipez:improved_upgrade":1,"mekanism:electrolytic_separator":1,"pipez:item_pipe":18,"ironfurnaces:iron_furnace":1,"alltheores:silver_ore":85,"minecraft:diamond_shovel":5,"mekanismgenerators:heat_generator":1,"ironfurnaces:diamond_furnace":2,"minecraft:iron_bars":17,"minecraft:granite":5,"minecraft:glass":19,"thermal:upgrade_augment_2":4,"alltheores:osmium_dust":94,"thermal:upgrade_augment_1":8,"allthecompressed:sand_1x":179,"minecraft:stone_pressure_plate":16,"alltheores:raw_osmium_block":4,"mekanism:energy_tablet":4,"ironfurnaces:heater":1,"minecraft:emerald":1,"exdeorum:oak_barrel":7,"minecraft:diamond_axe":1,"minecraft:gravel":1,"minecraft:moss_block":1,"ironfurnaces:augment_blasting":1,"minecraft:copper_ingot":18,"minecraft:campfire":1,"thermal:redstone_servo":1,"exdeorum:flint_mesh":10,"minecraft:stone_slab":1,"projecte:medium_covalence_dust":1,"alltheores:electrum_dust":64,"xycraft_machines:port_item":2,"minecraft:iron_block":36,"exdeorum:compressed_diamond_hammer":1,"minecraft:gold_ingot":4,"mekanism:upgrade_gas":8,"farmingforblockheads:market":1,"alchemistry:atomizer":1,"minecraft:composter":1,"alltheores:constantan_gear":1,"mekanism:advanced_universal_cable":11,"minecraft:packed_ice":1,"minecraft:iron_nugget":3,"minecraft:cobbled_deepslate":2,"mekanism:basic_chemical_tank":4,"exmachinis:gold_upgrade":17,"minecraft:bone_meal":10,"allthecompressed:gravel_1x":225,"sophisticatedstorage:copper_chest":2,"alltheores:copper_ore_hammer":6,"ironfurnaces:emerald_furnace":2,"minecraft:basalt":5,"minecraft:terracotta":0,"minecraft:diamond":15,"alltheores:signalum_gear":16,"alltheores:tin_ore":90,"sophisticatedstorage:upgrade_base":4,"utilitarian:snad":5,"minecraft:stone_pickaxe":1,"minecraft:diamond_boots":2,"alltheores:constantan_dust":2,"alltheores:silver_dust":96,"alltheores:steel_ingot":1,"minecraft:redstone_block":5,"exdeorum:iron_mesh":9,"dankstorage:dank_1":4,"alltheores:nickel_dust":3,"constructionwand:diamond_wand":3,"exdeorum:golden_mesh":9,"alltheores:osmium_ingot":0,"exdeorum:diamond_hammer":15,"mekanism:dynamic_tank":4,"alltheores:invar_ingot":0,"alltheores:electrum_ingot":0,"allthecompressed:netherrack_1x":4,"itemcollectors:basic_collector":2,"exdeorum:compressed_stone_hammer":9,"projecte:low_covalence_dust":1,"cobblefordays:tier_3":1,"cobblefordays:tier_5":1,"exdeorum:crook":8,"functionalstorage:diamond_upgrade":4,"minecraft:cobblestone":259,"minecraft:gunpowder":21,"minecraft:flint":4,"minecraft:blackstone":5,"mekanism:basic_mechanical_pipe":1,"minecraft:white_bed":1,"thermal:device_rock_gen":1,"minecraft:brick":1,"minecraft:oak_planks":146,"minecraft:barrel":6,"alchemistry:compactor":1,"sophisticatedstorage:gold_chest":7,"alltheores:copper_dust":23,"mekanismgenerators:gas_burning_generator":6,"mekanism:electrolytic_core":7,"alltheores:iron_ore_hammer":6,"minecraft:sand":1,"minecraft:stone":12,"exdeorum:unfired_porcelain_crucible":1,"projecte:high_covalence_dust":1,"alchemistry:dissolver":1,"pipez:fluid_pipe":33,"alltheores:osmium_ore":69,"minecraft:green_dye":0,"mekanism:basic_tier_installer":3,"minecraft:hopper":9,"alltheores:aluminum_ore":76,"alltheores:nickel_ore":87,"silentgear:rough_rod":7,"exmachinis:diamond_upgrade":6,"minecraft:comparator":3,"rftoolsutility:crafter1":2,"minecraft:cyan_terracotta":12,"functionalstorage:gold_upgrade":4,"minecraft:chest":25,"minecraft:copper_block":20,"mekanism:basic_fluid_tank":1,"alltheores:gold_gear":10,"minecraft:stone_hoe":1,"minecraft:ender_eye":6,"alltheores:steel_dust":134,"exdeorum:stone_hammer":93,"exdeorum:porcelain_crucible":1,"chipped:mason_table":1,"exdeorum:compressed_crushed_netherrack":4,"minecraft:raw_iron_block":8,"cobblefordays:tier_2":2,"minecraft:magma_block":13,"minecraft:dropper":6,"sophisticatedstorage:diamond_chest":7,"rftoolspower:coalgenerator":1,"minecraft:oak_slab":13,"minecraft:cauldron":3,"minecraft:crafting_table":14,"minecraft:gold_ore":68,"minecraft:baked_potato":0,"minecraft:red_wool":1,"pipez:gas_pipe":16,"minecraft:gold_block":17,"mekanism:purification_chamber":1,"minecraft:diorite":5,"cobblefordays:tier_1":1,"alltheores:lead_ore":86,"rftoolsutility:crafter2":2,"minecraft:paper":1,"minecraft:diamond_pickaxe":1,"minecraft:charcoal":1,"mekanism:steel_casing":23,"alchemistry:liquifier":1,"minecraft:stick":78,"rftoolsutility:crafter3":2,"mekanism:crusher":2,"minecraft:iron_ingot":39,"minecraft:iron_ore":176,"exdeorum:oak_sieve":13,"minecraft:redstone_torch":28,"minecraft:polished_andesite":5,"exmachinis:flux_sieve":3,"pipez:advanced_upgrade":1,"minecraft:redstone":1,"mekanism:basic_universal_cable":35,"functionalstorage:simple_compacting_drawer":1,"ironfurnaces:gold_furnace":2,"mekanismgenerators:wind_generator":1,"rftoolsbase:machine_frame":3,"mekanism:pressurized_reaction_chamber":2,"sophisticatedstorage:iron_chest":7,"alltheores:gold_dust":214,"minecraft:furnace":7,"alltheores:invar_dust":68,"minecraft:blast_furnace":1,"mekanism:energized_smelter":1,"minecraft:piston":10,"exdeorum:diamond_mesh":9,"mekanism:basic_smelting_factory":1,"minecraft:raw_copper_block":24,"minecraft:glass_pane":4,"minecraft:diamond_block":23,"exdeorum:string_mesh":15,"alchemistry:combiner":1,"trashcans:item_trash_can":1,"functionalstorage:oak_1":8,"minecraft:magma_cream":52,"pickletweaks:emerald_pickaxe":1,"minecraft:red_dye":1,"alltheores:signalum_dust":64,"exdeorum:stone_barrel":6,"minecraft:bone_block":1,"minecraft:cyan_dye":3,"mekanism:metallurgic_infuser":1,"alltheores:zinc_ore":74,"alltheores:nickel_ingot":0,"mekanism:superheating_element":2,"minecraft:copper_ore":99,"minecraft:bucket":7,"minecraft:air":6307,"mekanism:upgrade_speed":64,"minecraft:blue_dye":16,"exdeorum:porcelain_clay_ball":12,"sophisticatedstorage:chest":7,"functionalstorage:copper_upgrade":4,"minecraft:white_wool":8,"mekanism:basic_energy_cube":1,"minecraft:gold_nugget":18,"mekanism:enrichment_chamber":5,"mekanism:upgrade_energy":64,"mekanism:advanced_control_circuit":2,"alltheores:iron_dust":357,"exmachinis:flux_hammer":6,"minecraft:andesite":32,"cookingforblockheads:sink":3,"minecraft:lapis_lazuli":27,"minecraft:lapis_block":3,"cobblefordays:tier_4":1}},"DataVersion":3465}