{"stats":{"minecraft:dropped":{"minecraft:lapis_lazuli":27,"minecraft:diamond":24,"minecraft:orange_tulip":1,"minecraft:mossy_stone_brick_stairs":1,"travelersbackpack:iron_tier_upgrade":1,"techreborn:rubber_sapling":1,"graveyard:corruption":3,"minecraft:red_mushroom":7,"minecraft:item_frame":3,"minecraft:emerald":7,"minecraft:dirt":28,"minecraft:dark_oak_fence":2,"minecraft:gold_nugget":8,"minecraft:phantom_membrane":1,"minecraft:bone":2,"minecraft:iron_nugget":1,"minecraft:cobbled_deepslate":55,"minecraft:rotten_flesh":121,"minecraft:oak_planks":62,"supplementaries:flax_seeds":1,"minecraft:hopper":2,"minecraft:glass":4,"minecraft:stone_brick_stairs":2,"minecraft:egg":1,"minecraft:golden_boots":2,"minecraft:iron_ingot":18,"ironchests:blank_chest_upgrade":1,"minecraft:wheat_seeds":52,"minecraft:oak_fence":1,"minecraft:iron_helmet":1,"minecraft:cobblestone":291,"minecraft:granite":6,"minecraft:spruce_door":1,"graveyard:bone_dagger":1,"minecraft:coal":2,"minecraft:cobweb":5,"minecraft:iron_trapdoor":1,"minecraft:rose_bush":1,"minecraft:potion":6,"minecraft:chipped_anvil":1,"minecraft:string":2,"minecraft:polished_deepslate_wall":4,"twigs:opaline_seashell":2,"minecraft:pink_tulip":2,"twigs:rhyolite":4,"minecraft:sticky_piston":2,"minecraft:polished_deepslate_slab":11,"minecraft:cobbled_deepslate_slab":6,"regions_unexplored:blackstone_cluster":1,"minecraft:polished_deepslate_stairs":7,"mcdw:item_bee_stinger":1,"minecraft:stone":35,"bewitchment:mandrake_seeds":4,"minecraft:spruce_planks":2,"minecraft:diamond_pickaxe":2,"minecraft:spider_eye":1,"minecraft:bamboo":4,"minecraft:bow":1,"minecraft:red_tulip":2,"minecraft:magma_block":1,"mutantmonsters:mutant_skeleton_rib":3,"minecraft:spruce_sign":2,"minecraft:moss_block":3,"minecraft:brown_mushroom":2,"minecraft:leather":1,"minecraft:cracked_polished_blackstone_bricks":8,"graveyard:fire_brazier":2,"minecraft:polished_blackstone_bricks":22,"minecraft:birch_log":1,"fishofthieves:grubs":2,"modern_industrialization:salt_dust":2,"twigs:twig":1,"minecraft:cauldron":1,"minecraft:gold_ingot":1,"minecraft:gravel":1,"minecraft:white_tulip":9,"regions_unexplored:raw_redstone_block":2,"minecraft:soul_lantern":1,"archon:sky_gem":28,"minecraft:leather_chestplate":1,"techreborn:raw_silver":2,"minecraft:gunpowder":1,"minecraft:mossy_stone_brick_wall":1,"promenade:blunite":4,"minecraft:beetroot_seeds":3,"minecraft:spruce_pressure_plate":3,"comforts:sleeping_bag_white":1,"minecraft:basalt":2,"minecraft:arrow":9,"minecraft:netherrack":653,"minecraft:water_bucket":1,"minecraft:mossy_cobblestone":3,"minecraft:smithing_table":1,"ae2:sky_stone_block":8,"minecraft:copper_ingot":2,"minecraft:stick":2,"minecraft:diorite":80,"minecraft:torch":7,"minecraft:iron_leggings":1,"simplyswords:iron_rapier":3,"minecraft:redstone":35,"minecraft:kelp":1,"minecraft:tuff":5,"regions_unexplored:cherry_shrub":2,"minecraft:stripped_acacia_wood":2,"minecraft:red_terracotta":6,"minecraft:flint_and_steel":1,"minecraft:filled_map":1,"minecraft:shield":1,"fishofthieves:earthworms":13,"minecraft:iron_chestplate":1,"minecraft:andesite":3,"minecraft:mossy_stone_bricks":5,"simplyswords:diamond_scythe":2},"minecraft:picked_up":{"regions_unexplored:small_oak_log":28,"minecraft:anvil":5,"minecraft:suspicious_stew":1,"minecraft:smithing_table":4,"techreborn:iron_furnace":7,"graveyard:light_gray_urn":1,"minecraft:brown_bed":9,"minecraft:wither_rose":2,"simplyswords:iron_rapier":2,"minecraft:brewing_stand":1,"minecraft:amethyst_block":36,"minecraft:polished_deepslate":82,"minecraft:polished_blackstone_brick_stairs":2,"minecraft:string":15,"simplyswords:diamond_scythe":2,"graveyard:sarcophagus":1,"minecraft:gold_nugget":26,"minecraft:cobbled_deepslate":2162,"bosses_of_mass_destruction:soul_star":3,"minecraft:black_glazed_terracotta":1,"modern_industrialization:raw_uranium":11,"minecraft:spruce_planks":4,"techreborn:rubber_log":95,"minecraft:spruce_pressure_plate":3,"minecraft:beehive":10,"create:andesite_casing":4,"powah:book":1,"regions_unexplored:raw_redstone_block":4,"betternether:cincinnasite":3,"minecraft:cauldron":1,"mutantmonsters:mutant_skeleton_pelvis":2,"indrev:raw_lead":10,"minecraft:stone_sword":2,"minecraft:red_tulip":2,"minecraft:iron_block":6,"minecraft:blaze_rod":2,"minecraft:snowball":1,"minecraft:birch_log":1,"minecraft:magma_block":4,"minecraft:mossy_cobblestone_slab":1,"betternether:jungle_moss":5,"minecraft:water_bucket":1,"minecraft:flint":10,"brewery:corn_seeds":57,"regions_unexplored:cobalt_roots":3,"minecraft:lantern":2,"lootr:trophy":1,"minecraft:chipped_anvil":2,"modern_industrialization:lignite_coal_block":8,"minecraft:dark_oak_sign":2,"graveyard:white_urn":1,"fishofthieves:earthworms":20,"create:shaft":2,"modern_industrialization:bauxite_dust":63,"minecraft:glowstone_dust":131,"minecraft:moss_block":4,"regions_unexplored:bamboo_log":16,"graveyard:fire_brazier":4,"minecraft:chiseled_polished_blackstone":3,"minecraft:stripped_acacia_wood":4,"archon:earth_gem":4,"minecraft:red_terracotta":12,"ae2:chipped_budding_quartz":3,"minecraft:granite":28,"modern_industrialization:salt_dust":22,"twigs:rhyolite":101,"minecraft:dark_oak_fence":2,"minecraft:bricks":3,"minecraft:diamond_pickaxe":2,"minecraft:crafting_table":2,"modern_industrialization:lignite_coal":93,"techreborn:pyrite_dust":4,"friendsandfoes:totem_of_illusion":1,"regions_unexplored:blackstone_cluster":1,"ae2:silicon_press":1,"supplementaries:globe":1,"minecraft:flint_and_steel":1,"twigs:opaline_seashell":2,"minecraft:cracked_stone_bricks":2,"minecraft:iron_nugget":61,"minecraft:birch_sapling":2,"minecraft:egg":1,"minecraft:polished_deepslate_slab":3,"minecraft:glow_item_frame":1,"minecraft:carrot":54,"minecraft:redstone":338,"create:vertical_gearbox":2,"regions_unexplored:dusktrap":1,"techreborn:iron_alloy_furnace":1,"minecraft:deepslate_bricks":2,"minecraft:hay_block":13,"brewery:corn":21,"minecraft:polished_blackstone":6,"minecraft:gold_ingot":8,"minecraft:mutton":7,"minecraft:white_wool":5,"minecraft:rail":9,"minecraft:stripped_oak_log":1,"create:iron_sheet":9,"minecraft:red_glazed_terracotta":1,"minecraft:red_mushroom":7,"minecraft:oak_log":347,"minecraft:ancient_debris":89,"minecraft:golden_boots":2,"bewitchment:aconite_seeds":1,"mutantmonsters:mutant_skeleton_limb":16,"minecraft:apple":16,"minecraft:stone_bricks":14,"minecraft:kelp":1,"prominent:knowledge_scroll":1,"minecraft:cobweb":5,"techreborn:deepslate_bauxite_ore":10,"minecraft:iron_sword":1,"minecraft:smooth_basalt":17,"archon:sky_gem":56,"minecraft:gravel":88,"powah:uraninite_raw":5,"minecraft:crying_obsidian":5,"create:gearbox":2,"travelersbackpack:standard":1,"minecraft:smooth_quartz_slab":2,"immersive_armors:wooden_boots":1,"minecraft:hopper":2,"minecraft:ender_pearl":5,"archon:magical_bookshelf":2,"techreborn:raw_tin":183,"minecraft:wheat":184,"minecraft:iron_trapdoor":1,"soulsweapons:moonstone":3,"minecraft:gilded_blackstone":21,"minecraft:stone_brick_stairs":2,"betternether:blue_obsidian":7,"mutantmonsters:mutant_skeleton_skull":3,"minecraft:raw_copper":125,"minecraft:smooth_stone_slab":3,"minecraft:iron_leggings":1,"minecraft:sticky_piston":2,"minecraft:zombie_head":8,"minecraft:experience_bottle":1,"techreborn:galena_ore":20,"regions_unexplored:bamboo_sapling":1,"create:mechanical_press":1,"minecraft:bucket":2,"comforts:sleeping_bag_white":1,"twigs:pebble":44,"minecraft:white_tulip":9,"minecraft:rose_bush":3,"minecraft:calcite":36,"ae2:flawed_budding_quartz":1,"minecraft:stick":12,"minecraft:polished_deepslate_stairs":20,"minecraft:oak_fence":2,"minecraft:torch":19,"travelersbackpack:iron_tier_upgrade":1,"minecraft:spruce_stairs":3,"ironchests:blank_chest_upgrade":1,"twigs:bamboo_leaves":41,"minecraft:porkchop":4,"minecraft:diorite":250,"ae2:sky_stone_block":186,"create:large_cogwheel":2,"minecraft:rotten_flesh":176,"minecraft:music_disc_ward":1,"mutantmonsters:mutant_skeleton_shoulder_pad":2,"minecraft:obsidian":72,"minecraft:cobblestone":2532,"minecraft:enchanting_table":1,"minecraft:andesite":332,"regions_unexplored:cherry_shrub":3,"minecraft:black_bed":2,"supplementaries:spring_launcher":3,"minecraft:potato":23,"minecraft:tuff":325,"create:raw_zinc":35,"minecraft:wither_skeleton_skull":8,"ae2:damaged_budding_quartz":1,"minecraft:lapis_lazuli":177,"minecraft:dirt":288,"minecraft:bone":95,"minecraft:bow":3,"minecraft:orange_tulip":1,"minecraft:wheat_seeds":744,"minecraft:raw_gold":1,"minecraft:cobbled_deepslate_slab":6,"minecraft:grindstone":4,"ae2:logic_processor_press":1,"minecraft:mossy_stone_bricks":5,"minecraft:bamboo":151,"twigs:twig":135,"minecraft:oak_planks":112,"minecraft:mossy_stone_brick_stairs":1,"friendsandfoes:totem_of_freezing":1,"techreborn:solid_fuel_generator":3,"create:cogwheel":7,"graveyard:bone_dagger":1,"techreborn:raw_lead":31,"minecraft:oak_pressure_plate":1,"minecraft:sand":98,"minecraft:cyan_bed":2,"techreborn:rubber_sapling":28,"techreborn:sapphire_gem":12,"ae2:quartz_block":4,"minecraft:mossy_cobblestone":9,"minecraft:dark_prismarine":19,"techreborn:peridot_gem":5,"simplyswords:diamond_claymore":1,"minecraft:diamond":309,"minecraft:slime_block":2,"minecraft:soul_lantern":1,"minecraft:cracked_polished_blackstone_bricks":16,"ad_astra:oil_bucket":3,"minecraft:spruce_sign":2,"minecraft:emerald":37,"minecraft:oak_sapling":141,"indrev:nikolite_dust":40,"minecraft:netherrack":1359,"minecraft:ladder":26,"betternether:blue_crying_obsidian":2,"minecraft:brown_mushroom":2,"minecraft:gold_block":20,"minecraft:diamond_horse_armor":1,"ad_astra:sky_stone":13,"promenade:blunite":10,"minecraft:iron_axe":1,"minecraft:item_frame":4,"minecraft:cyan_carpet":1,"minecraft:blackstone":361,"archon:mana_berries":12,"graveyard:corruption":16,"techreborn:raw_silver":39,"minecraft:candle":5,"mcdw:item_bee_stinger":1,"minecraft:oak_boat":14,"minecraft:lectern":439,"minecraft:sugar_cane":136,"minecells:torn_kings_crest_flag":2,"techreborn:low_voltage_su":2,"minecraft:raw_iron":142,"regions_unexplored:ash_vent":1,"promenade:asphalt":1,"minecraft:polished_blackstone_bricks":39,"fwaystones:waystone":3,"ad_astra:steel_ingot":5,"minecraft:arrow":90,"bewitchment:garlic":10,"regions_unexplored:redstone_bulb":1,"tiered:limestone_chunk":4,"mutantmonsters:mutant_skeleton_rib":9,"minecraft:pink_tulip":2,"ae2:calculation_processor_press":2,"minecraft:brick_stairs":3,"minecraft:skeleton_skull":18,"techreborn:industrial_sawmill":1,"modern_industrialization:raw_antimony":12,"minecraft:basalt":66,"minecraft:golden_carrot":1,"minecraft:leather":7,"fishofthieves:grubs":5,"minecraft:gunpowder":25,"regions_unexplored:small_oak_sapling":6,"regions_unexplored:tall_cobalt_earlight":2,"minecraft:cooked_mutton":2,"bewitchment:mandrake_seeds":10,"minecraft:iron_ingot":9,"minecraft:mossy_stone_brick_wall":1,"minecraft:book":93,"alloy_forgery:deepslate_bricks_forge_controller":2,"minecraft:oak_slab":2,"supplementaries:sack":2,"minecraft:quartz":81,"graveyard:light_blue_urn":1,"techreborn:insulated_copper_cable":13,"bewitchment:belladonna_seeds":4,"minecraft:blast_furnace":2,"minecraft:spruce_door":1,"techreborn:basic_solar_panel":2,"minecraft:spider_eye":3,"supplementaries:clock_block":1,"minecraft:iron_helmet":1,"ae2:engineering_processor_press":1,"minecraft:terracotta":14,"modern_industrialization:raw_lead":165,"minecraft:coal":371},"minecraft:used":{"minecraft:ladder":41,"minecraft:chest":23,"lootr:trophy":2,"techreborn:compressor":1,"techreborn:insulated_copper_cable":16,"farmersdelight:fried_rice":8,"friendsandfoes:totem_of_freezing":1,"create:shaft":5,"minecraft:potato":27,"minecraft:diorite":3,"simplyswords:iron_rapier":241,"techreborn:iron_alloy_furnace":1,"minecraft:blackstone":103,"minecraft:wooden_pickaxe":8,"brewery:corn_seeds":59,"minecraft:golden_apple":4,"simplyswords:diamond_greataxe":138,"minecraft:blast_furnace":2,"mutantmonsters:mutant_skeleton_skull":1,"minecraft:deepslate_tiles":40,"minecraft:zombie_head":8,"minecraft:lectern":439,"minecraft:oak_pressure_plate":1,"techreborn:low_voltage_su":3,"minecraft:smithing_table":4,"minecraft:oak_boat":15,"supplementaries:spring_launcher":1,"minecraft:enchanting_table":2,"minecraft:stone_sword":51,"techreborn:grinder":1,"techreborn:iron_furnace":7,"minecraft:netherrack":266,"minecraft:torch":231,"minecraft:anvil":6,"archers:heavy_crossbow":14,"techreborn:extractor":1,"minecraft:chipped_anvil":1,"simplyswords:diamond_scythe":1210,"create:gearbox":2,"minecraft:iron_axe":540,"minecraft:polished_deepslate_wall":2,"minecraft:bamboo":24,"minecraft:diamond_chestplate":5,"simplyswords:stars_edge":5,"betternether:blackstone_furnace":1,"farmersdelight:tomato_seeds":7,"minecraft:cobbled_deepslate":203,"minecraft:wheat_seeds":383,"alloy_forgery:deepslate_bricks_forge_controller":3,"minecraft:water_bucket":52,"minecraft:cracked_stone_bricks":27,"minecraft:deepslate_bricks":18,"minecraft:polished_blackstone_bricks":4,"minecraft:polished_deepslate_slab":16,"betternether:blue_obsidian":10,"justhammers:diamond_hammer":1337,"minecraft:oak_slab":5,"minecraft:crafting_table":8,"minecells:torn_kings_crest_flag":2,"techreborn:rubber_sapling":25,"justhammers:iron_hammer":403,"minecraft:oak_log":86,"minecraft:dark_prismarine":4,"minecraft:diamond_pickaxe":6074,"minecraft:diamond_shovel":371,"ironchests:copper_chest_upgrade":1,"create:water_wheel":1,"minecraft:cobblestone":418,"travelersbackpack:standard":7,"minecraft:cooked_porkchop":4,"minecraft:brush":5,"minecraft:diamond_leggings":3,"beachparty:rubber_ring_pelican":1,"minecraft:candle":3,"fwaystones:waystone":4,"simplyswords:thunderbrand":69,"minecraft:polished_deepslate":313,"minecraft:diamond_hoe":542,"minecraft:shield":8,"techreborn:industrial_sawmill":2,"create:cogwheel":12,"minecraft:carrot":51,"minecraft:tuff":77,"minecraft:beehive":9,"archon:mana_berries":20,"minecraft:obsidian":10,"minecraft:polished_deepslate_stairs":82,"minecraft:glass":49,"modern_industrialization:forge_hammer":1,"minecraft:iron_helmet":1,"minecraft:stone_bricks":91,"minecraft:magma_block":2,"minecraft:skeleton_skull":10,"bewitchment:garlic":10,"minecraft:diamond_boots":1,"minecraft:wither_skeleton_skull":9,"minecraft:stone_pickaxe":240,"minecraft:oak_planks":307,"minecraft:sugar_cane":41,"minecraft:diamond_axe":326,"paladins:priest_robe_chest":1,"simplyswords:diamond_claymore":9,"minecraft:black_bed":2,"techreborn:rubber_log":45,"minecraft:bread":144,"minecraft:cyan_bed":2,"paladins:priest_robe_feet":4,"graveyard:fire_brazier":2,"minecraft:gravel":62,"techreborn:solid_fuel_generator":4,"minecraft:grindstone":4,"minecraft:andesite":111,"create:vertical_gearbox":3,"minecraft:bone_meal":236,"create:large_cogwheel":4,"minecraft:experience_bottle":12,"minecraft:oak_fence":40,"graveyard:sarcophagus":1,"minecraft:flint_and_steel":7,"minecraft:spruce_planks":1,"bewitchment:mandrake_seeds":6,"minecraft:dirt":88,"minecraft:spyglass":2,"minecraft:spruce_stairs":1,"minecraft:diamond_helmet":5,"minecraft:bookshelf":22,"minecraft:iron_boots":1,"minecraft:golden_carrot":12,"brewery:pretzel":50,"minecraft:cooked_beef":8,"minecraft:brown_bed":9,"minecraft:cooked_mutton":19,"supplementaries:sack":2,"minecraft:glass_bottle":6,"minecraft:netherite_chestplate":2,"minecraft:stonecutter":1,"minecraft:cobblestone_slab":1,"farmersdelight:onion":8,"minecraft:terracotta":14,"techreborn:basic_solar_panel":3,"fwaystones:deepslate_brick_waystone":2,"minecraft:apple":17,"create:mechanical_press":2,"minecraft:cracked_polished_blackstone_bricks":4,"betterend:iron_hammer":2,"techreborn:alloy_smelter":1,"minecraft:stone_axe":162,"minecraft:cobbled_deepslate_slab":3,"minecraft:bucket":58,"minecraft:pumpkin_pie":4,"archon:magical_bookshelf":2},"minecraft:broken":{"minecraft:iron_axe":2,"techreborn:treetap":3,"minecraft:stone_pickaxe":1,"minecraft:stone_axe":1},"minecraft:killed_by":{"minecraft:zombie":1},"minecraft:killed":{"betternether:firefly":3,"minecraft:skeleton":59,"graveyard:acolyte":12,"minecraft:chicken":2,"bewitchment:werewolf":1,"minecells:grenadier":4,"minecraft:magma_cube":10,"mutantmonsters:mutant_skeleton":2,"minecraft:pillager":24,"archon:mana_leech":6,"tinyskeletons:baby_skeleton":1,"minecraft:donkey":1,"minecraft:zombie":142,"minecells:shieldbearer":5,"minecells:inquisitor":2,"minecraft:cow":7,"graveyard:nightmare":1,"minecraft:vindicator":4,"minecells:undead_archer":7,"mythicmobs:kobold":1,"naturalist:deer":1,"graveyard:ghoul":5,"minecraft:rabbit":1,"mythicmobs:drake":2,"creeperoverhaul:savannah_creeper":1,"minecraft:enderman":8,"minecraft:zombified_piglin":5,"graveyard:skeleton_creeper":3,"minecraft:spider":12,"naturalist:snail":1,"minecraft:bee":1,"minecraft:silverfish":9,"minecraft:illusioner":1,"minecells:leaping_zombie":8,"minecraft:piglin_brute":1,"betternether:hydrogen_jellyfish":1,"minecraft:piglin":14,"minecraft:pig":3,"minecraft:zombie_villager":1,"minecraft:creeper":11,"minecraft:sheep":6,"minecraft:blaze":6,"graveyard:revenant":1,"bewitchment:ghost":2,"mythicmobs:chupacabra":1,"adventurez:piglin_beast":2,"friendsandfoes:iceologer":1,"betternether:naga":2,"bewitchment:snake":1,"creeperoverhaul:spruce_creeper":1,"tinyskeletons:baby_wither_skeleton":2,"minecraft:wither_skeleton":50},"minecraft:crafted":{"techreborn:manual":2,"minecraft:polished_deepslate_wall":6,"minecraft:oak_pressure_plate":2,"minecraft:diamond_shovel":2,"minecraft:bookshelf":22,"patchouli:guide_book":1,"fwaystones:abyss_watcher":3,"create:vertical_gearbox":1,"techreborn:electric_furnace":2,"minecraft:diamond_helmet":1,"minecraft:diamond_leggings":1,"create:mechanical_press":1,"techreborn:basic_solar_panel":1,"create:cogwheel":5,"techreborn:steel_ingot":18,"minecraft:glass_bottle":6,"minecraft:diamond_axe":1,"travelersbackpack:standard":2,"minecraft:smithing_table":1,"minecraft:polished_deepslate_slab":24,"jewelry:gold_ring":1,"create:gearbox":1,"techreborn:insulated_copper_cable":60,"minecraft:iron_block":4,"betternether:blackstone_furnace":1,"minecraft:gold_ingot":119,"create:large_cogwheel":2,"minecraft:netherite_ingot":6,"croptopia:cooking_pot":1,"minecraft:iron_nugget":45,"minecraft:polished_deepslate_stairs":76,"minecraft:diamond_hoe":1,"comforts:sleeping_bag_white":1,"techreborn:low_voltage_su":1,"minecraft:bone_meal":354,"fwaystones:waystone":1,"minecraft:ladder":24,"minecraft:stone_pickaxe":2,"minecraft:diamond_boots":1,"techreborn:iron_alloy_furnace":1,"modern_industrialization:guidebook":1,"minecraft:wheat":117,"minecraft:coal_block":8,"minecraft:enchanting_table":1,"croptopia:water_bottle":16,"techreborn:electronic_circuit":8,"minecraft:deepslate_tiles":60,"minecraft:enchanted_book":1,"techreborn:wrench":1,"minecraft:iron_leggings":1,"create:shaft":32,"fwaystones:deepslate_brick_waystone":2,"techreborn:industrial_sawmill":1,"minecraft:oak_planks":920,"minecraft:cobblestone_slab":6,"modern_industrialization:forge_hammer":1,"techreborn:red_cell_battery":5,"minecraft:heavy_weighted_pressure_plate":3,"create:copper_nugget":27,"justhammers:diamond_hammer":2,"techreborn:diamond_saw_blade":4,"techreborn:treetap":7,"croptopia:flour":10,"minecraft:chest":24,"minecraft:netherite_upgrade_smithing_template":6,"minecraft:stone_bricks":280,"minecraft:oak_fence":69,"minecraft:oak_slab":6,"travelersbackpack:iron_tier_upgrade":1,"minecraft:crafting_table":6,"minecraft:wooden_pickaxe":1,"minecraft:diamond_pickaxe":3,"create:water_wheel":1,"minecraft:stick":271,"minecraft:iron_ingot":78,"minecraft:deepslate_bricks":128,"minecraft:cobbled_deepslate_slab":6,"simplyswords:diamond_scythe":4,"brewery:pretzel":114,"minecraft:furnace":3,"minecraft:blast_furnace":1,"techreborn:grinder":1,"techreborn:extractor":1,"techreborn:compressor":1,"minecraft:glass_pane":16,"minecraft:flint_and_steel":3,"minecraft:netherite_chestplate":1,"minecraft:polished_deepslate":516,"minecraft:iron_axe":4,"techreborn:basic_machine_frame":2,"techreborn:solid_fuel_generator":2,"mcdw:pick_diamond_pickaxe_var":1,"techreborn:iron_furnace":4,"ironchests:copper_chest_upgrade":1,"create:andesite_alloy":22,"techreborn:alloy_smelter":1,"alloy_forgery:deepslate_bricks_forge_controller":1,"minecraft:bucket":1,"minecraft:stone_axe":1,"archon:magical_bookshelf":1,"minecraft:bread":47,"minecraft:air":0,"minecraft:oak_boat":3,"justhammers:iron_hammer":5,"minecraft:white_wool":5,"croptopia:cheese":1,"betterend:iron_hammer":1,"minecraft:stonecutter":1,"minecraft:anvil":1,"minecraft:torch":288},"minecraft:mined":{"archon:solid_cloud":15,"create:andesite_casing":4,"minecraft:red_nether_bricks":9,"betternether:lucis_mushroom":2,"minecraft:granite":2,"minecraft:chiseled_polished_blackstone":5,"minecraft:deepslate_bricks":2,"betternether:jungle_moss":2,"minecraft:hopper":2,"minecraft:spawner":13,"graveyard:wither_skull_with_rib_cage":1,"minecraft:polished_blackstone_bricks":32,"betternether:moss_cover":1,"minecraft:magma_block":2,"minecraft:mossy_cobblestone_stairs":2,"minecraft:fire":2,"minecraft:barrel":1,"minecraft:cobbled_deepslate":6,"techreborn:deepslate_lead_ore":2,"supplementaries:globe":1,"minecraft:deepslate_lapis_ore":5,"minecraft:nether_brick_stairs":5,"minecraft:enchanting_table":1,"minecraft:polished_deepslate_slab":5,"minecells:wilted_wall_leaves":2,"minecraft:spruce_pressure_plate":1,"minecraft:pink_tulip":1,"betterarcheology:loot_vase":1,"minecraft:iron_block":6,"regions_unexplored:silt_grass_block":1,"create:veridium":2,"create:mechanical_press":1,"modern_industrialization:deepslate_bauxite_ore":19,"minecraft:tripwire":3,"minecraft:piston_head":1,"create:cogwheel":7,"graveyard:light_gray_urn":1,"techreborn:deepslate_bauxite_ore":10,"graveyard:fire_brazier":2,"minecraft:powder_snow":4,"minecraft:torch":2,"minecraft:blast_furnace":3,"graveyard:light_blue_urn":1,"minecraft:glass":42,"minecraft:cyan_bed":3,"minecraft:sugar_cane":53,"minecraft:bricks":3,"minecraft:skeleton_skull":5,"minecraft:chain":1,"graveyard:wither_skeleton_hand":1,"bewitchment:juniper_leaves":1,"minecraft:wheat":191,"minecells:putrid_stairs":1,"minecraft:black_bed":2,"minecraft:stone_brick_stairs":4,"minecraft:grass":246,"ae2:small_quartz_bud":1,"archon:mana_berry_bush":3,"modern_industrialization:salt_ore":2,"modern_industrialization:deepslate_salt_ore":5,"minecraft:smooth_basalt":2,"minecraft:zombie_wall_head":3,"twigs:rhyolite":2,"minecraft:deepslate":254,"supplementaries:clock_block":1,"techreborn:rubber_sapling":1,"techreborn:sapphire_ore":4,"minecraft:dark_prismarine":20,"minecraft:mossy_cobblestone":8,"minecraft:nether_brick_wall":1,"regions_unexplored:dropleaf_plant":1,"regions_unexplored:dusktrap":1,"minecraft:cobbled_deepslate_slab":6,"minecraft:nether_bricks":2,"minecraft:dark_oak_fence":2,"minecells:rotting_corpse":1,"minecraft:crimson_roots":1,"graveyard:tg_deepslate":1,"minecraft:redstone_wire":1,"minecraft:moss_block":1,"minecraft:red_mushroom":2,"amendments:skull_pile":4,"minecraft:redstone_ore":10,"create:shaft":2,"graveyard:tg_moss_block":1,"techreborn:lead_ore":14,"minecraft:snow":1,"minecraft:andesite":3,"minecraft:mossy_stone_brick_stairs":1,"graveyard:sarcophagus":1,"minecraft:potatoes":7,"minecraft:vine":1,"minecells:torn_kings_crest_flag":2,"regions_unexplored:ash_vent":1,"minecraft:bamboo":22,"regions_unexplored:small_oak_log":1,"ae2:sky_stone_block":10,"regions_unexplored:windswept_grass":296,"ad_astra:sky_stone":1,"minecraft:bone_block":1,"twigs:opaline_seashell":1,"minecraft:smithing_table":3,"minecraft:oak_slab":2,"betternether:netherrack_moss":2,"twigs:pebble":1,"minecraft:chiseled_nether_bricks":1,"minecraft:brown_carpet":1,"minecraft:emerald_ore":1,"bewitchment:garlic":3,"regions_unexplored:silt_dirt":2,"minecraft:copper_ore":21,"minecraft:tall_grass":8,"minecells:brittle_barrel":1,"minecraft:diorite":4,"minecraft:red_terracotta":6,"techreborn:rubber_leaves":57,"minecraft:coarse_dirt":1,"graveyard:vase_block":12,"create:gearbox":4,"minecraft:birch_leaves":3,"regions_unexplored:sandy_grass":1,"techreborn:pyrite_ore":7,"minecraft:zombie_head":5,"minecraft:gravel":104,"minecraft:cobweb":19,"regions_unexplored:blackstone_cluster":1,"minecraft:polished_blackstone":1,"minecraft:stone_bricks":19,"minecraft:chipped_anvil":2,"minecraft:iron_trapdoor":1,"minecraft:fern":14,"create:deepslate_zinc_ore":14,"minecraft:spruce_planks":4,"minecraft:farmland":3,"minecraft:brewing_stand":1,"minecraft:grass_block":228,"minecraft:infested_cobblestone":5,"archon:cloud_iron":12,"modern_industrialization:deepslate_lead_ore":1,"minecraft:cracked_polished_blackstone_bricks":14,"twigs:twig":2,"archon:sky_node":18,"minecraft:mud_brick_wall":1,"betternether:cincinnasite_ore":12,"minecraft:gilded_blackstone":9,"minecraft:smooth_stone":1,"minecraft:mossy_cobblestone_slab":1,"minecraft:glowstone":36,"minecraft:iron_ore":43,"graveyard:leaning_wither_skeleton":1,"minecraft:anvil":5,"minecraft:brown_bed":9,"minecraft:red_tulip":1,"minecraft:skeleton_wall_skull":2,"minecraft:iron_bars":6,"minecraft:azalea_leaves":2,"archon:magical_bookshelf":2,"minecells:prison_bricks":3,"graveyard:white_urn":1,"minecraft:blackstone":620,"minecraft:polished_deepslate_stairs":13,"minecells:putrid_planks":2,"supplementaries:spring_launcher":3,"techreborn:deepslate_tin_ore":28,"minecraft:wither_skeleton_wall_skull":3,"minecraft:nether_quartz_ore":410,"minecraft:cobblestone":13,"graveyard:skeleton_hand":1,"minecraft:slime_block":2,"minecraft:grindstone":4,"minecraft:oak_planks":60,"minecraft:iron_door":1,"minecraft:cauldron":1,"modern_industrialization:deepslate_lignite_coal_ore":3,"lootr:trophy":1,"minecraft:mossy_stone_brick_wall":1,"minecraft:birch_log":1,"betternether:neon_equisetum":1,"graveyard:skull_pile":2,"minecraft:orange_tulip":1,"minecraft:tnt":1,"indrev:lead_ore":3,"minecraft:smooth_stone_slab":3,"ae2:quartz_block":1,"regions_unexplored:cherry_shrub":3,"minecraft:oak_log":38,"techreborn:galena_ore":8,"minecraft:sand":100,"minecraft:dirt":55,"betternether:nether_redstone_ore":21,"techreborn:insulated_copper_cable":2,"minecraft:ancient_debris":66,"minecraft:netherrack":3226,"minecraft:oak_leaves":12,"minecraft:nether_gold_ore":34,"minecraft:tuff":17,"alloy_forgery:deepslate_bricks_forge_controller":2,"minecraft:deepslate_diamond_ore":136,"minecraft:candle":3,"modern_industrialization:deepslate_antimony_ore":3,"minecraft:glow_lichen":1,"minecraft:ladder":25,"create:large_cogwheel":2,"minecraft:brick_stairs":3,"techreborn:solid_fuel_generator":1,"minecraft:spruce_leaves":2,"minecraft:hay_block":13,"minecraft:carrots":13,"treechop:chopped_log":28,"minecells:crate":1,"ae2:mysterious_cube":1,"minecraft:gold_block":4,"soulsweapons:moonstone_ore_deepslate":2,"minecraft:nether_brick_fence":7,"minecraft:polished_deepslate":84,"minecraft:bookshelf":31,"minecraft:deepslate_iron_ore":36,"regions_unexplored:medium_grass":242,"minecraft:stone":121,"minecraft:white_tulip":5,"minecraft:podzol":2,"minecraft:infested_stone_bricks":2,"minecraft:stripped_dark_oak_log":9,"minecraft:basalt":84,"travelersbackpack:standard":1,"graveyard:small_light_gray_urn":1,"minecraft:oak_fence":2,"minecraft:crafting_table":2,"modern_industrialization:lead_ore":82,"brewery:corn_crop":22,"minecraft:rose_bush":4,"minecraft:lectern":439,"supplementaries:sack":2,"minecells:alchemy_equipment_0":1,"minecraft:red_glazed_terracotta":1,"minecraft:lapis_ore":8,"minecraft:polished_blackstone_brick_stairs":1,"techreborn:tin_ore":39,"minecells:small_crate":1,"supplementaries:urn":5,"minecraft:spruce_stairs":5,"regions_unexplored:redstone_bud":1,"minecraft:beehive":10,"modern_industrialization:antimony_ore":1,"minecraft:coal_ore":206,"minecraft:cyan_carpet":1,"graveyard:leaning_skeleton":1,"minecraft:cracked_stone_bricks":2,"minecraft:terracotta":9,"minecraft:stripped_acacia_wood":2,"minecraft:polished_andesite":1,"minecraft:mossy_stone_bricks":3,"techreborn:rubber_log":31},"minecraft:custom":{"minecraft:interact_with_crafting_table":133,"minecraft:open_barrel":25,"minecraft:eat_cake_slice":3,"minecraft:leave_game":11,"minecraft:time_since_death":1107329,"minecraft:damage_blocked_by_shield":390,"minecraft:play_time":1131766,"minecraft:deaths":1,"minecraft:jump":17527,"minecraft:enchant_item":37,"minecraft:interact_with_furnace":8,"minecraft:traded_with_villager":2,"minecraft:sleep_in_bed":59,"minecraft:damage_dealt":98139,"minecraft:interact_with_smoker":2,"minecraft:inspect_dispenser":7,"minecraft:interact_with_smithing_table":14,"minecraft:inspect_dropper":2,"minecraft:interact_with_anvil":44,"minecraft:inspect_hopper":2,"minecraft:sneak_time":25606,"minecraft:interact_with_blast_furnace":24,"minecraft:total_world_time":1509931,"minecraft:tune_noteblock":4,"minecraft:interact_with_stonecutter":3,"minecraft:time_since_rest":6429,"minecraft:swim_one_cm":96304,"minecraft:fly_one_cm":3836781,"minecraft:open_chest":933,"minecraft:fall_one_cm":476430,"lootr:looted_stat":238,"minecraft:animals_bred":4,"minecraft:damage_resisted":1357,"minecraft:sprint_one_cm":3424902,"minecraft:drop":243,"minecraft:talked_to_villager":584,"minecraft:interact_with_brewingstand":2,"minecraft:walk_on_water_one_cm":67095,"minecraft:interact_with_loom":1,"minecraft:crouch_one_cm":148783,"minecraft:mob_kills":492,"minecraft:damage_dealt_resisted":0,"minecraft:climb_one_cm":53116,"minecraft:walk_one_cm":2802860,"minecraft:walk_under_water_one_cm":36177,"minecraft:boat_one_cm":683976,"minecraft:interact_with_grindstone":29,"minecraft:hex":0,"minecraft:damage_taken":10321,"minecraft:damage_absorbed":160}},"DataVersion":3465}